source,source_file,source_sheet,source_row,reason,name,email,code,notes
tracking_event,TRACKING _ SEASON 11.xlsx,Raw data,4,outside_phase2_event_scope,,,UEHEF11400,https://www.facebook.com/groups/210657489350109/permalink/2397507817331721/
tracking_event,TRACKING _ SEASON 11.xlsx,Raw data,5,outside_phase2_event_scope,,,UEHEM11595,https://www.facebook.com/groups/210657489350109/permalink/2397502483998921/
tracking_event,TRACKING _ SEASON 11.xlsx,Raw data,7,outside_phase2_event_scope,,,UEHEM11261,https://www.facebook.com/groups/210657489350109/permalink/2397461304003039/
tracking_recap,TRACKING _ SEASON 11.xlsx,Raw data,9,no_active_primary_match_for_mentee_code,,,UEHEM11528,https://www.facebook.com/groups/210657489350109/permalink/2397439774005192/
tracking_event,TRACKING _ SEASON 11.xlsx,Raw data,10,outside_phase2_event_scope,,,UEHEM11194,https://www.facebook.com/groups/210657489350109/permalink/2397437717338731/
tracking_event,TRACKING _ SEASON 11.xlsx,Raw data,16,outside_phase2_event_scope,,,UEHEM11536,https://www.facebook.com/groups/210657489350109/permalink/2397364687346034/
tracking_event,TRACKING _ SEASON 11.xlsx,Raw data,17,outside_phase2_event_scope,,,UEHEM11186,https://www.facebook.com/groups/210657489350109/permalink/2397329177349585/
tracking_event,TRACKING _ SEASON 11.xlsx,Raw data,18,outside_phase2_event_scope,,,UEHEM11569,https://www.facebook.com/groups/210657489350109/permalink/2397306717351831/
tracking_event,TRACKING _ SEASON 11.xlsx,Raw data,20,outside_phase2_event_scope,,,UEHEM11522,https://www.facebook.com/groups/210657489350109/permalink/2397290414020128/
tracking_event,TRACKING _ SEASON 11.xlsx,Raw data,22,outside_phase2_event_scope,,,UEHEM11637,https://www.facebook.com/groups/210657489350109/permalink/2397227814026388/
tracking_recap,TRACKING _ SEASON 11.xlsx,Raw data,31,missing_mentee_code; no_active_primary_match_for_mentee_code; cross_mentoring_needs_mentor_review,,,,https://www.facebook.com/groups/210657489350109/permalink/2396640030751833/
tracking_recap,TRACKING _ SEASON 11.xlsx,Raw data,36,missing_mentee_code; no_active_primary_match_for_mentee_code,,,,https://www.facebook.com/groups/210657489350109/permalink/2396435220772314/
tracking_recap,TRACKING _ SEASON 11.xlsx,Raw data,40,no_active_primary_match_for_mentee_code,,,UEHEM11517,https://www.facebook.com/groups/210657489350109/permalink/2396374534111716/
tracking_recap,TRACKING _ SEASON 11.xlsx,Raw data,46,missing_mentee_code; missing_meeting_date; no_active_primary_match_for_mentee_code,,,,https://www.facebook.com/groups/210657489350109/permalink/2395716230844213/
tracking_recap,TRACKING _ SEASON 11.xlsx,Raw data,48,missing_meeting_date,,,UEHEM11631,https://www.facebook.com/groups/210657489350109/permalink/2395049167577586/
tracking_recap,TRACKING _ SEASON 11.xlsx,Raw data,58,no_active_primary_match_for_mentee_code,,,UEHSF11011,https://www.facebook.com/groups/210657489350109/permalink/2394180447664458/
tracking_recap,TRACKING _ SEASON 11.xlsx,Raw data,63,missing_meeting_date,,,UEHEM11545,https://www.facebook.com/groups/210657489350109/permalink/2393864371029399/
tracking_recap,TRACKING _ SEASON 11.xlsx,Raw data,64,missing_mentee_code; no_active_primary_match_for_mentee_code,,,,https://www.facebook.com/groups/210657489350109/permalink/2393848391030997/
tracking_recap,TRACKING _ SEASON 11.xlsx,Raw data,65,recap_type=other/unknown,,,,https://www.facebook.com/groups/210657489350109/permalink/2393811384368031/
tracking_recap,TRACKING _ SEASON 11.xlsx,Raw data,69,no_active_primary_match_for_mentee_code,,,UEHEM11641,https://www.facebook.com/groups/210657489350109/permalink/2393167364432433/
tracking_recap,TRACKING _ SEASON 11.xlsx,Raw data,77,no_active_primary_match_for_mentee_code,,,UEHEM11611,https://www.facebook.com/groups/210657489350109/permalink/2392384431177393/
tracking_recap,TRACKING _ SEASON 11.xlsx,Raw data,79,missing_meeting_date,,,UEHEM11168,https://www.facebook.com/groups/210657489350109/permalink/2392309701184866/
tracking_recap,TRACKING _ SEASON 11.xlsx,Raw data,81,missing_meeting_date,,,UEHEF11280,https://www.facebook.com/groups/210657489350109/permalink/2392204114528758/
tracking_recap,TRACKING _ SEASON 11.xlsx,Raw data,92,missing_mentee_code; no_active_primary_match_for_mentee_code,,,,https://www.facebook.com/groups/210657489350109/permalink/2391623991253437/
tracking_recap,TRACKING _ SEASON 11.xlsx,Raw data,99,no_active_primary_match_for_mentee_code,,,UEHEM11073,https://www.facebook.com/groups/210657489350109/permalink/2391471981268638/
tracking_recap,TRACKING _ SEASON 11.xlsx,Raw data,102,missing_meeting_date,,,UEHEM11531,https://www.facebook.com/groups/210657489350109/permalink/2391409487941554/
tracking_recap,TRACKING _ SEASON 11.xlsx,Raw data,103,missing_meeting_date; cross_mentoring_needs_mentor_review,,,UEHEF11136,https://www.facebook.com/groups/210657489350109/permalink/2391394714609698/
tracking_recap,TRACKING _ SEASON 11.xlsx,Raw data,107,missing_meeting_date,,,UEHEF11135,https://www.facebook.com/groups/210657489350109/permalink/2391166654632504/
tracking_recap,TRACKING _ SEASON 11.xlsx,Raw data,109,no_active_primary_match_for_mentee_code,,,UEHEF11289,https://www.facebook.com/groups/210657489350109/permalink/2391105637971939/
tracking_recap,TRACKING _ SEASON 11.xlsx,Raw data,114,cross_mentoring_needs_mentor_review,,,UEHEF11341,https://www.facebook.com/groups/210657489350109/permalink/2390595241356312/
tracking_recap,TRACKING _ SEASON 11.xlsx,Raw data,119,missing_mentee_code; missing_meeting_date; no_active_primary_match_for_mentee_code; cross_mentoring_needs_mentor_review,,,,https://www.facebook.com/groups/210657489350109/permalink/2390404598042043/
tracking_recap,TRACKING _ SEASON 11.xlsx,Raw data,125,missing_meeting_date; no_active_primary_match_for_mentee_code,,,UEHRM06011,https://www.facebook.com/groups/210657489350109/permalink/2389739584775211/
tracking_recap,TRACKING _ SEASON 11.xlsx,Raw data,130,missing_meeting_date,,,UEHEM11003,https://www.facebook.com/groups/210657489350109/permalink/2389430714806098/
tracking_recap,TRACKING _ SEASON 11.xlsx,Raw data,131,missing_meeting_date,,,UEHEM11361,https://www.facebook.com/groups/210657489350109/permalink/2389411881474648/
tracking_recap,TRACKING _ SEASON 11.xlsx,Raw data,138,missing_meeting_date,,,UEHEF11069,https://www.facebook.com/groups/210657489350109/permalink/2388816384867531/
tracking_recap,TRACKING _ SEASON 11.xlsx,Raw data,141,missing_mentee_code; no_active_primary_match_for_mentee_code,,,,https://www.facebook.com/groups/210657489350109/permalink/2388726128209890/
tracking_recap,TRACKING _ SEASON 11.xlsx,Raw data,153,recap_type=other/unknown,,,,https://www.facebook.com/groups/210657489350109/permalink/2388406304908539/
tracking_recap,TRACKING _ SEASON 11.xlsx,Raw data,155,no_active_primary_match_for_mentee_code,,,UEHEF11182,https://www.facebook.com/groups/210657489350109/permalink/2388361491579687/
tracking_recap,TRACKING _ SEASON 11.xlsx,Raw data,160,no_active_primary_match_for_mentee_code,,,UEHEF11119,https://www.facebook.com/groups/210657489350109/permalink/2388091491606687/
tracking_recap,TRACKING _ SEASON 11.xlsx,Raw data,177,no_active_primary_match_for_mentee_code,,,UEHEM11454,https://www.facebook.com/groups/210657489350109/permalink/2387596398322863/
tracking_recap,TRACKING _ SEASON 11.xlsx,Raw data,195,missing_meeting_date,,,UEHEF11229,https://www.facebook.com/groups/210657489350109/permalink/2386984718384031/
tracking_recap,TRACKING _ SEASON 11.xlsx,Raw data,196,missing_meeting_date,,,UEHSM11003,https://www.facebook.com/groups/210657489350109/permalink/2386942881721548/
tracking_recap,TRACKING _ SEASON 11.xlsx,Raw data,202,missing_meeting_date,,,UEHEF11316,https://www.facebook.com/groups/210657489350109/permalink/2386774168405086/
tracking_recap,TRACKING _ SEASON 11.xlsx,Raw data,204,missing_meeting_date,,,UEHEF11236,https://www.facebook.com/groups/210657489350109/permalink/2386765405072629/
tracking_recap,TRACKING _ SEASON 11.xlsx,Raw data,208,missing_mentee_code; no_active_primary_match_for_mentee_code,,,,https://www.facebook.com/groups/210657489350109/permalink/2385969955152174/
tracking_recap,TRACKING _ SEASON 11.xlsx,Raw data,209,missing_mentee_code; missing_meeting_date; no_active_primary_match_for_mentee_code,,,,https://www.facebook.com/groups/210657489350109/permalink/2386697438412759/
tracking_recap,TRACKING _ SEASON 11.xlsx,Raw data,225,missing_meeting_date,,,UEHEM11573,https://www.facebook.com/groups/210657489350109/permalink/2386063675142802/
tracking_recap,TRACKING _ SEASON 11.xlsx,Raw data,228,no_active_primary_match_for_mentee_code,,,UEHEF11126,https://www.facebook.com/groups/210657489350109/permalink/2385945705154599/
tracking_recap,TRACKING _ SEASON 11.xlsx,Raw data,230,no_active_primary_match_for_mentee_code,,,UEHM11473,https://www.facebook.com/groups/210657489350109/permalink/2385787868503716/
tracking_recap,TRACKING _ SEASON 11.xlsx,Raw data,244,cross_mentoring_needs_mentor_review,,,UEHEF11270,https://www.facebook.com/groups/210657489350109/permalink/2385344398548063/
tracking_recap,TRACKING _ SEASON 11.xlsx,Raw data,245,missing_mentee_code; missing_meeting_date; no_active_primary_match_for_mentee_code,,,,https://www.facebook.com/groups/210657489350109/permalink/2385303731885463/
tracking_recap,TRACKING _ SEASON 11.xlsx,Raw data,249,missing_meeting_date,,,UEHSF11002,https://www.facebook.com/groups/210657489350109/permalink/2385219745227195/
tracking_recap,TRACKING _ SEASON 11.xlsx,Raw data,259,missing_meeting_date,,,UEHEF11382,https://www.facebook.com/groups/210657489350109/permalink/2384898995259270/
tracking_recap,TRACKING _ SEASON 11.xlsx,Raw data,264,cross_mentoring_needs_mentor_review,,,UEHEF11254,https://www.facebook.com/groups/210657489350109/permalink/2384810508601452/
tracking_recap,TRACKING _ SEASON 11.xlsx,Raw data,265,missing_meeting_date,,,UEHEM11587,https://www.facebook.com/groups/210657489350109/permalink/2384809478601555/
tracking_recap,TRACKING _ SEASON 11.xlsx,Raw data,267,missing_meeting_date,,,UEHEF11107,https://www.facebook.com/groups/210657489350109/permalink/2384791571936679/
tracking_recap,TRACKING _ SEASON 11.xlsx,Raw data,269,missing_mentee_code; no_active_primary_match_for_mentee_code,,,,https://www.facebook.com/groups/210657489350109/permalink/2384657288616774/
tracking_recap,TRACKING _ SEASON 11.xlsx,Raw data,276,no_active_primary_match_for_mentee_code,,,UEHEF11044,https://www.facebook.com/groups/210657489350109/permalink/2384280878654415/
tracking_recap,TRACKING _ SEASON 11.xlsx,Raw data,282,no_active_primary_match_for_mentee_code,,,UEHEM11116,https://www.facebook.com/groups/210657489350109/permalink/2384218358660667/
tracking_recap,TRACKING _ SEASON 11.xlsx,Raw data,294,cross_mentoring_needs_mentor_review,,,UEHEM11527,https://www.facebook.com/groups/210657489350109/permalink/2383984522017384/
tracking_recap,TRACKING _ SEASON 11.xlsx,Raw data,297,no_active_primary_match_for_mentee_code,,,UEHEF11326,https://www.facebook.com/groups/210657489350109/permalink/2383859405363229/
tracking_recap,TRACKING _ SEASON 11.xlsx,Raw data,312,missing_mentee_code; no_active_primary_match_for_mentee_code,,,,https://www.facebook.com/groups/210657489350109/permalink/2383160038766499/
tracking_recap,TRACKING _ SEASON 11.xlsx,Raw data,333,no_active_primary_match_for_mentee_code,,,UEHEF11458,https://www.facebook.com/groups/210657489350109/permalink/2382449868837516/
tracking_recap,TRACKING _ SEASON 11.xlsx,Raw data,343,cross_mentoring_needs_mentor_review,,,UEHEF11380,https://www.facebook.com/groups/210657489350109/permalink/2382255725523597/
tracking_recap,TRACKING _ SEASON 11.xlsx,Raw data,352,no_active_primary_match_for_mentee_code,,,UEHEM11611,https://www.facebook.com/groups/210657489350109/permalink/2381689212246915/
tracking_recap,TRACKING _ SEASON 11.xlsx,Raw data,366,no_active_primary_match_for_mentee_code,,,UEHEF1072,https://www.facebook.com/groups/210657489350109/permalink/2381384362277400/
tracking_recap,TRACKING _ SEASON 11.xlsx,Raw data,372,no_active_primary_match_for_mentee_code,,,UEHEM11517,https://www.facebook.com/groups/210657489350109/permalink/2381305125618657/
tracking_recap,TRACKING _ SEASON 11.xlsx,Raw data,378,cross_mentoring_needs_mentor_review,,,UEHEM11536,https://www.facebook.com/groups/210657489350109/permalink/2380804899002013/
tracking_recap,TRACKING _ SEASON 11.xlsx,Raw data,388,missing_meeting_date,,,UEHEF11436,https://www.facebook.com/groups/210657489350109/permalink/2380677849014718/
tracking_recap,TRACKING _ SEASON 11.xlsx,Raw data,403,cross_mentoring_needs_mentor_review,,,UEHEF11250,https://www.facebook.com/groups/210657489350109/permalink/2379750529107450/
tracking_recap,TRACKING _ SEASON 11.xlsx,Raw data,416,no_active_primary_match_for_mentee_code,,,UEHEM11454,https://www.facebook.com/groups/210657489350109/permalink/2379494619133041/
tracking_recap,TRACKING _ SEASON 11.xlsx,Raw data,431,missing_meeting_date,,,UEHEM11441,https://www.facebook.com/groups/210657489350109/permalink/2379167699165733/
tracking_recap,TRACKING _ SEASON 11.xlsx,Raw data,436,no_active_primary_match_for_mentee_code,,,UEHEM11067,https://www.facebook.com/groups/210657489350109/permalink/2378804819202021/
tracking_recap,TRACKING _ SEASON 11.xlsx,Raw data,444,missing_meeting_date,,,UEHEF11344,https://www.facebook.com/groups/210657489350109/permalink/2378743132541523/
tracking_recap,TRACKING _ SEASON 11.xlsx,Raw data,451,no_active_primary_match_for_mentee_code,,,UEHEM1199,https://www.facebook.com/groups/210657489350109/permalink/2378703902545446/
tracking_recap,TRACKING _ SEASON 11.xlsx,Raw data,457,missing_meeting_date,,,UEHEM11156,https://www.facebook.com/groups/210657489350109/permalink/2378603149222188/
tracking_recap,TRACKING _ SEASON 11.xlsx,Raw data,462,no_active_primary_match_for_mentee_code,,,UEHEF1189,https://www.facebook.com/groups/210657489350109/permalink/2378571025892067/
tracking_recap,TRACKING _ SEASON 11.xlsx,Raw data,472,no_active_primary_match_for_mentee_code,,,UEHEM11510,https://www.facebook.com/groups/210657489350109/permalink/2378474362568400/
tracking_recap,TRACKING _ SEASON 11.xlsx,Raw data,474,no_active_primary_match_for_mentee_code,,,UEHEF1112,https://www.facebook.com/groups/210657489350109/permalink/2378449815904188/
tracking_recap,TRACKING _ SEASON 11.xlsx,Raw data,475,no_active_primary_match_for_mentee_code,,,UEHEM11560,https://www.facebook.com/groups/210657489350109/permalink/2378448699237633/
tracking_recap,TRACKING _ SEASON 11.xlsx,Raw data,476,no_active_primary_match_for_mentee_code,,,UEHEM1150,https://www.facebook.com/groups/210657489350109/permalink/2378434359239067/
tracking_recap,TRACKING _ SEASON 11.xlsx,Raw data,505,cross_mentoring_needs_mentor_review,,,UEHEM11532,https://www.facebook.com/groups/210657489350109/permalink/2378092955939874/
tracking_recap,TRACKING _ SEASON 11.xlsx,Raw data,564,no_active_primary_match_for_mentee_code,,,UEHEF11235,https://www.facebook.com/groups/210657489350109/permalink/2374294502986386/
tracking_recap,TRACKING _ SEASON 11.xlsx,Raw data,567,missing_meeting_date,,,UEHEM11508,https://www.facebook.com/groups/210657489350109/permalink/2423236251425544/
tracking_recap,TRACKING _ SEASON 11.xlsx,Raw data,586,missing_meeting_date; no_active_primary_match_for_mentee_code,,,UEHSF11011,https://www.facebook.com/groups/210657489350109/permalink/2423126561436513/
tracking_recap,TRACKING _ SEASON 11.xlsx,Raw data,591,no_active_primary_match_for_mentee_code,,,UEHEF11458,https://www.facebook.com/groups/210657489350109/permalink/2423108938104942/
tracking_recap,TRACKING _ SEASON 11.xlsx,Raw data,594,missing_meeting_date,,,UEHEF11382,https://www.facebook.com/groups/210657489350109/permalink/2423092668106569/
tracking_recap,TRACKING _ SEASON 11.xlsx,Raw data,602,missing_meeting_date; cross_mentoring_needs_mentor_review,,,UEHSF11004,https://www.facebook.com/groups/210657489350109/permalink/2422976078118228/
tracking_recap,TRACKING _ SEASON 11.xlsx,Raw data,619,cross_mentoring_needs_mentor_review,,,UEHEM11536,https://www.facebook.com/groups/210657489350109/permalink/2422778041471365/
tracking_recap,TRACKING _ SEASON 11.xlsx,Raw data,620,missing_meeting_date,,,UEHEM11566,https://www.facebook.com/groups/210657489350109/permalink/2422744318141404/
tracking_recap,TRACKING _ SEASON 11.xlsx,Raw data,621,no_active_primary_match_for_mentee_code,,,UEHM11633,https://www.facebook.com/groups/210657489350109/permalink/2422731651476004/
tracking_recap,TRACKING _ SEASON 11.xlsx,Raw data,624,missing_meeting_date,,,UEHEF11229,https://www.facebook.com/groups/210657489350109/permalink/2422691384813364/
tracking_recap,TRACKING _ SEASON 11.xlsx,Raw data,636,missing_mentee_code; no_active_primary_match_for_mentee_code,,,,https://www.facebook.com/groups/210657489350109/permalink/2422344694848033/
tracking_recap,TRACKING _ SEASON 11.xlsx,Raw data,647,no_active_primary_match_for_mentee_code,,,UEHSF11008,https://www.facebook.com/groups/210657489350109/permalink/2422168204865682/
tracking_event,TRACKING _ SEASON 11.xlsx,Raw data,656,outside_phase2_event_scope,,,UEHEF11302,https://www.facebook.com/groups/210657489350109/permalink/2421921774890325/
tracking_recap,TRACKING _ SEASON 11.xlsx,Raw data,668,missing_meeting_date,,,UEHEF11226,https://www.facebook.com/groups/210657489350109/permalink/2421498664932636/
tracking_recap,TRACKING _ SEASON 11.xlsx,Raw data,683,missing_meeting_date,,,UEHEF11446,https://www.facebook.com/groups/210657489350109/permalink/2420708121678357/
tracking_recap,TRACKING _ SEASON 11.xlsx,Raw data,684,missing_mentee_code; missing_meeting_date; no_active_primary_match_for_mentee_code,,,,https://www.facebook.com/groups/210657489350109/permalink/2420703501678819/
tracking_recap,TRACKING _ SEASON 11.xlsx,Raw data,687,no_active_primary_match_for_mentee_code,,,UEHEF1189,https://www.facebook.com/groups/210657489350109/permalink/2420686235013879/
tracking_recap,TRACKING _ SEASON 11.xlsx,Raw data,690,cross_mentoring_needs_mentor_review,,,UEHEM11522,https://www.facebook.com/groups/210657489350109/permalink/2420670911682078/
tracking_recap,TRACKING _ SEASON 11.xlsx,Raw data,696,no_active_primary_match_for_mentee_code,,,UEHEF11182,https://www.facebook.com/groups/210657489350109/permalink/2420276421721527/
tracking_recap,TRACKING _ SEASON 11.xlsx,Raw data,699,no_active_primary_match_for_mentee_code,,,UEHM11473,https://www.facebook.com/groups/210657489350109/permalink/2420001058415730/
tracking_recap,TRACKING _ SEASON 11.xlsx,Raw data,700,no_active_primary_match_for_mentee_code,,,UEHEM11560,https://www.facebook.com/groups/210657489350109/permalink/2419951878420648/
tracking_recap,TRACKING _ SEASON 11.xlsx,Raw data,701,missing_meeting_date; cross_mentoring_needs_mentor_review,,,UEHEF11114,https://www.facebook.com/groups/210657489350109/permalink/2419936908422145/
tracking_recap,TRACKING _ SEASON 11.xlsx,Raw data,702,missing_meeting_date; no_active_primary_match_for_mentee_code,,,UEHEF11643,https://www.facebook.com/groups/210657489350109/permalink/2419906808425155/
tracking_recap,TRACKING _ SEASON 11.xlsx,Raw data,704,missing_meeting_date; no_active_primary_match_for_mentee_code,,,UEHEF11643,https://www.facebook.com/groups/210657489350109/permalink/2419894858426350/
tracking_recap,TRACKING _ SEASON 11.xlsx,Raw data,712,cross_mentoring_needs_mentor_review,,,UEHEM11413,https://www.facebook.com/groups/210657489350109/permalink/2419681335114369/
tracking_recap,TRACKING _ SEASON 11.xlsx,Raw data,716,no_active_primary_match_for_mentee_code,,,UEHEM11623,https://www.facebook.com/groups/210657489350109/permalink/2419573648458471/
tracking_recap,TRACKING _ SEASON 11.xlsx,Raw data,722,no_active_primary_match_for_mentee_code,,,UEHEF1072,https://www.facebook.com/groups/210657489350109/permalink/2418332915249211/
tracking_recap,TRACKING _ SEASON 11.xlsx,Raw data,746,cross_mentoring_needs_mentor_review,,,UEHEF11377,https://www.facebook.com/groups/210657489350109/permalink/2416211428794693/
tracking_event,TRACKING _ SEASON 11.xlsx,Raw data,750,outside_phase2_event_scope,,,UEHEM11635,https://www.facebook.com/groups/210657489350109/permalink/2415857628830073/
tracking_recap,TRACKING _ SEASON 11.xlsx,Raw data,758,no_active_primary_match_for_mentee_code,,,UEHF11395,https://www.facebook.com/groups/210657489350109/permalink/2415384865544016/
tracking_recap,TRACKING _ SEASON 11.xlsx,Raw data,807,cross_mentoring_needs_mentor_review,,,UEHEF11286,https://www.facebook.com/groups/210657489350109/permalink/2410739509341885/
tracking_recap,TRACKING _ SEASON 11.xlsx,Raw data,813,cross_mentoring_needs_mentor_review,,,UEHEM11355,https://www.facebook.com/groups/210657489350109/permalink/2409955386086964/
tracking_recap,TRACKING _ SEASON 11.xlsx,Raw data,818,missing_mentee_code; missing_meeting_date; no_active_primary_match_for_mentee_code,,,,https://www.facebook.com/groups/210657489350109/permalink/2409606306121872/
tracking_recap,TRACKING _ SEASON 11.xlsx,Raw data,821,recap_type=other/unknown,,,,https://www.facebook.com/groups/210657489350109/permalink/2409103569505479/
tracking_recap,TRACKING _ SEASON 11.xlsx,Raw data,828,cross_mentoring_needs_mentor_review,,,UEHEM11041,https://www.facebook.com/groups/210657489350109/permalink/2408385179577318/
tracking_event,TRACKING _ SEASON 11.xlsx,Raw data,842,outside_phase2_event_scope,,,,https://www.facebook.com/groups/210657489350109/permalink/2406977609718075/
tracking_event,TRACKING _ SEASON 11.xlsx,Raw data,844,outside_phase2_event_scope,,,UEHEF11295,https://www.facebook.com/groups/210657489350109/permalink/2406207033128466/
tracking_recap,TRACKING _ SEASON 11.xlsx,Raw data,845,missing_meeting_date,,,UEHSF11002,https://www.facebook.com/groups/210657489350109/permalink/2406529536429549/
tracking_event,TRACKING _ SEASON 11.xlsx,Raw data,847,outside_phase2_event_scope,,,UEHEF11139,https://www.facebook.com/groups/210657489350109/permalink/2406337539782082/
tracking_event,TRACKING _ SEASON 11.xlsx,Raw data,849,outside_phase2_event_scope,,,,https://www.facebook.com/groups/210657489350109/permalink/2405731173176052/
tracking_recap,TRACKING _ SEASON 11.xlsx,Raw data,850,missing_mentee_code; no_active_primary_match_for_mentee_code,,,,https://www.facebook.com/groups/210657489350109/permalink/2405718009844035/
tracking_recap,TRACKING _ SEASON 11.xlsx,Raw data,852,missing_meeting_date,,,UEHEF11315,https://www.facebook.com/groups/210657489350109/permalink/2405609819854854/
tracking_recap,TRACKING _ SEASON 11.xlsx,Raw data,853,missing_meeting_date,,,UEHEF11236,https://www.facebook.com/groups/210657489350109/permalink/2405548446527658/
tracking_event,TRACKING _ SEASON 11.xlsx,Raw data,854,outside_phase2_event_scope,,,UEHEF11035,https://www.facebook.com/groups/210657489350109/permalink/2405473016535201/
tracking_event,TRACKING _ SEASON 11.xlsx,Raw data,856,outside_phase2_event_scope,,,UEHEM11007,https://www.facebook.com/groups/210657489350109/permalink/2405321096550393/
tracking_event,TRACKING _ SEASON 11.xlsx,Raw data,857,outside_phase2_event_scope,,,UEHEF11012,https://www.facebook.com/groups/210657489350109/permalink/2405315216550981/
tracking_event,TRACKING _ SEASON 11.xlsx,Raw data,858,outside_phase2_event_scope,,,UEHEF11314,https://www.facebook.com/groups/210657489350109/permalink/2405307623218407/
tracking_event,TRACKING _ SEASON 11.xlsx,Raw data,859,outside_phase2_event_scope,,,UEHEF11148,https://www.facebook.com/groups/210657489350109/permalink/2405296426552860/
tracking_event,TRACKING _ SEASON 11.xlsx,Raw data,860,outside_phase2_event_scope,,,UEHEF11336,https://www.facebook.com/groups/210657489350109/permalink/2405295969886239/
tracking_event,TRACKING _ SEASON 11.xlsx,Raw data,861,outside_phase2_event_scope,,,UEHEF11330,https://www.facebook.com/groups/210657489350109/permalink/2405270376555465/
tracking_event,TRACKING _ SEASON 11.xlsx,Raw data,862,outside_phase2_event_scope,,,UEHEM11532,https://www.facebook.com/groups/210657489350109/permalink/2405150493234120/
tracking_event,TRACKING _ SEASON 11.xlsx,Raw data,863,outside_phase2_event_scope,,,UEHEF11502,https://www.facebook.com/groups/210657489350109/permalink/2405094859906350/
tracking_event,TRACKING _ SEASON 11.xlsx,Raw data,864,outside_phase2_event_scope,,,UEHEF11334,https://www.facebook.com/groups/210657489350109/permalink/2405069646575538/
tracking_event,TRACKING _ SEASON 11.xlsx,Raw data,866,outside_phase2_event_scope,,,UEHEM11260,https://www.facebook.com/groups/210657489350109/permalink/2404998936582609/
tracking_event,TRACKING _ SEASON 11.xlsx,Raw data,868,outside_phase2_event_scope,,,UEHEF11486,https://www.facebook.com/groups/210657489350109/permalink/2404969326585570/
tracking_event,TRACKING _ SEASON 11.xlsx,Raw data,869,outside_phase2_event_scope,,,UEHEM11261,https://www.facebook.com/groups/210657489350109/permalink/2404966476585855/
tracking_event,TRACKING _ SEASON 11.xlsx,Raw data,870,outside_phase2_event_scope,,,UEHEM11641,https://www.facebook.com/groups/210657489350109/permalink/2404956576586845/
tracking_event,TRACKING _ SEASON 11.xlsx,Raw data,872,outside_phase2_event_scope,,,UEHEF11427,https://www.facebook.com/groups/210657489350109/permalink/2404923416590161/
tracking_event,TRACKING _ SEASON 11.xlsx,Raw data,873,outside_phase2_event_scope,,,UEHEM11596,https://www.facebook.com/groups/210657489350109/permalink/2404870356595467/
tracking_event,TRACKING _ SEASON 11.xlsx,Raw data,874,outside_phase2_event_scope,,,UEHEM11102,https://www.facebook.com/groups/210657489350109/permalink/2404846763264493/
tracking_event,TRACKING _ SEASON 11.xlsx,Raw data,875,outside_phase2_event_scope,,,UEHEF11036,https://www.facebook.com/groups/210657489350109/permalink/2404775173271652/
tracking_event,TRACKING _ SEASON 11.xlsx,Raw data,876,outside_phase2_event_scope,,,UEHEM11552,https://www.facebook.com/groups/210657489350109/permalink/2404754559940380/
tracking_event,TRACKING _ SEASON 11.xlsx,Raw data,877,outside_phase2_event_scope,,,UEHEM11355,https://www.facebook.com/groups/210657489350109/permalink/2404727856609717/
tracking_event,TRACKING _ SEASON 11.xlsx,Raw data,878,outside_phase2_event_scope,,,UEHEM11356,https://www.facebook.com/groups/210657489350109/permalink/2404698436612659/
tracking_event,TRACKING _ SEASON 11.xlsx,Raw data,880,outside_phase2_event_scope,,,UEHEM11084,https://www.facebook.com/groups/210657489350109/permalink/2404684543280715/
tracking_recap,TRACKING _ SEASON 11.xlsx,Raw data,882,missing_mentee_code; missing_meeting_date; no_active_primary_match_for_mentee_code,,,,https://www.facebook.com/groups/210657489350109/permalink/2404657306616772/
tracking_event,TRACKING _ SEASON 11.xlsx,Raw data,883,outside_phase2_event_scope,,,UEHEM11194,https://www.facebook.com/groups/210657489350109/permalink/2404628476619655/
tracking_event,TRACKING _ SEASON 11.xlsx,Raw data,886,outside_phase2_event_scope,,,UEHEF11363,https://www.facebook.com/groups/210657489350109/permalink/2404531196629383/
tracking_event,TRACKING _ SEASON 11.xlsx,Raw data,888,outside_phase2_event_scope,,,UEHEM11324,https://www.facebook.com/groups/210657489350109/permalink/2404471113302058/
tracking_event,TRACKING _ SEASON 11.xlsx,Raw data,893,outside_phase2_event_scope,,,UEHEM11201,https://www.facebook.com/groups/210657489350109/permalink/2404147780001058/
tracking_event,TRACKING _ SEASON 11.xlsx,Raw data,894,outside_phase2_event_scope,,,UEHEM11538,https://www.facebook.com/groups/210657489350109/permalink/2404110433338126/
tracking_event,TRACKING _ SEASON 11.xlsx,Raw data,895,outside_phase2_event_scope,,,UEHEF11392,https://www.facebook.com/groups/210657489350109/permalink/2404110130004823/
tracking_event,TRACKING _ SEASON 11.xlsx,Raw data,897,outside_phase2_event_scope,,,UEHEF11392,https://www.facebook.com/groups/210657489350109/permalink/2404098763339293/
tracking_recap,TRACKING _ SEASON 11.xlsx,Raw data,899,no_active_primary_match_for_mentee_code,,,UEHEM1199,https://www.facebook.com/groups/210657489350109/permalink/2404016743347495/
tracking_event,TRACKING _ SEASON 11.xlsx,Raw data,901,outside_phase2_event_scope,,,UEHEF11066,https://www.facebook.com/groups/210657489350109/permalink/2403913416691161/
tracking_event,TRACKING _ SEASON 11.xlsx,Raw data,902,outside_phase2_event_scope,,,UEHEM11580,https://www.facebook.com/groups/210657489350109/permalink/2403903510025485/
tracking_event,TRACKING _ SEASON 11.xlsx,Raw data,903,outside_phase2_event_scope,,,UEHEF11172,https://www.facebook.com/groups/210657489350109/permalink/2403873716695131/
tracking_event,TRACKING _ SEASON 11.xlsx,Raw data,905,outside_phase2_event_scope,,,UEHEF11223,https://www.facebook.com/groups/210657489350109/permalink/2403810696701433/
tracking_event,TRACKING _ SEASON 11.xlsx,Raw data,906,outside_phase2_event_scope,,,UEHEM11505,https://www.facebook.com/groups/210657489350109/permalink/2403808983368271/
tracking_event,TRACKING _ SEASON 11.xlsx,Raw data,907,outside_phase2_event_scope,,,UEHEF11429,https://www.facebook.com/groups/210657489350109/permalink/2403792683369901/
tracking_event,TRACKING _ SEASON 11.xlsx,Raw data,908,outside_phase2_event_scope,,,UEHEF11352,https://www.facebook.com/groups/210657489350109/permalink/2403785770037259/
tracking_recap,TRACKING _ SEASON 11.xlsx,Raw data,909,missing_mentee_code; no_active_primary_match_for_mentee_code,,,,https://www.facebook.com/groups/210657489350109/permalink/2403782066704296/
tracking_event,TRACKING _ SEASON 11.xlsx,Raw data,910,outside_phase2_event_scope,,,UEHEF11115,https://www.facebook.com/groups/210657489350109/permalink/2403762666706236/
tracking_event,TRACKING _ SEASON 11.xlsx,Raw data,911,outside_phase2_event_scope,,,UEHEF11367,https://www.facebook.com/groups/210657489350109/permalink/2403750633374106/
tracking_event,TRACKING _ SEASON 11.xlsx,Raw data,912,outside_phase2_event_scope,,,UEHEF11039,https://www.facebook.com/groups/210657489350109/permalink/2403746870041149/
tracking_event,TRACKING _ SEASON 11.xlsx,Raw data,913,outside_phase2_event_scope,,,UEHEF11001,https://www.facebook.com/groups/210657489350109/permalink/2403722570043579/
tracking_event,TRACKING _ SEASON 11.xlsx,Raw data,914,outside_phase2_event_scope,,,UEHEF11374,https://www.facebook.com/groups/210657489350109/permalink/2403695066712996/
tracking_event,TRACKING _ SEASON 11.xlsx,Raw data,916,outside_phase2_event_scope,,,,https://www.facebook.com/groups/210657489350109/permalink/2403442450071591/
tracking_event,TRACKING _ SEASON 11.xlsx,Raw data,922,outside_phase2_event_scope,,,UEHEF11306,https://www.facebook.com/groups/210657489350109/permalink/2403259420089894/
tracking_recap,TRACKING _ SEASON 11.xlsx,Raw data,923,missing_meeting_date; no_active_primary_match_for_mentee_code,,,UEHSF11008,https://www.facebook.com/groups/210657489350109/permalink/2403247963424373/
tracking_event,TRACKING _ SEASON 11.xlsx,Raw data,926,outside_phase2_event_scope,,,UEHEM11170,https://www.facebook.com/groups/210657489350109/permalink/2403043856778117/
tracking_recap,TRACKING _ SEASON 11.xlsx,Raw data,927,no_active_primary_match_for_mentee_code; cross_mentoring_needs_mentor_review,,,UEHEF11044,https://www.facebook.com/groups/210657489350109/permalink/2402919553457214/
tracking_recap,TRACKING _ SEASON 11.xlsx,Raw data,928,no_active_primary_match_for_mentee_code,,,UEHEF11044,https://www.facebook.com/groups/210657489350109/permalink/2402909823458187/
tracking_recap,TRACKING _ SEASON 11.xlsx,Raw data,933,cross_mentoring_needs_mentor_review,,,UEHEF11395,https://www.facebook.com/groups/210657489350109/permalink/2402394630176373/
tracking_event,TRACKING _ SEASON 11.xlsx,Raw data,934,outside_phase2_event_scope,,,,https://www.facebook.com/groups/210657489350109/permalink/2402370996845403/
tracking_recap,TRACKING _ SEASON 11.xlsx,Raw data,944,recap_type=other/unknown,,,,https://www.facebook.com/groups/210657489350109/permalink/2401278963621273/
tracking_event,TRACKING _ SEASON 11.xlsx,Raw data,946,outside_phase2_event_scope,,,UEHEF11451,https://www.facebook.com/groups/210657489350109/permalink/2400831930332643/
tracking_event,TRACKING _ SEASON 11.xlsx,Raw data,947,outside_phase2_event_scope,,,UEHEM11555,https://www.facebook.com/groups/210657489350109/permalink/2400825643666605/
tracking_event,TRACKING _ SEASON 11.xlsx,Raw data,950,outside_phase2_event_scope,,,UEHEM11154,https://www.facebook.com/groups/210657489350109/permalink/2400677860348050/
tracking_event,TRACKING _ SEASON 11.xlsx,Raw data,951,outside_phase2_event_scope,,,UEHEF11118,https://www.facebook.com/groups/210657489350109/permalink/2400668880348948/
tracking_event,TRACKING _ SEASON 11.xlsx,Raw data,952,outside_phase2_event_scope,,,UEHEF11434,https://www.facebook.com/groups/210657489350109/permalink/2400663590349477/
tracking_event,TRACKING _ SEASON 11.xlsx,Raw data,953,outside_phase2_event_scope,,,UEHEF11336,https://www.facebook.com/groups/210657489350109/permalink/2400660867016416/
tracking_event,TRACKING _ SEASON 11.xlsx,Raw data,954,outside_phase2_event_scope,,,UEHEM11293,https://www.facebook.com/groups/210657489350109/permalink/2400632243685945/
tracking_event,TRACKING _ SEASON 11.xlsx,Raw data,955,outside_phase2_event_scope,,,UEHEF11230,https://www.facebook.com/groups/210657489350109/permalink/2400625690353267/
tracking_event,TRACKING _ SEASON 11.xlsx,Raw data,956,outside_phase2_event_scope,,,UEHEM11164,https://www.facebook.com/groups/210657489350109/permalink/2400618990353937/
tracking_event,TRACKING _ SEASON 11.xlsx,Raw data,957,outside_phase2_event_scope,,,UEHEF11286,https://www.facebook.com/groups/210657489350109/permalink/2400617993687370/
tracking_event,TRACKING _ SEASON 11.xlsx,Raw data,958,outside_phase2_event_scope,,,,https://www.facebook.com/groups/210657489350109/permalink/2400615003687669/
tracking_event,TRACKING _ SEASON 11.xlsx,Raw data,959,outside_phase2_event_scope,,,UEHEM11156,https://www.facebook.com/groups/210657489350109/permalink/2400610947021408/
tracking_event,TRACKING _ SEASON 11.xlsx,Raw data,960,outside_phase2_event_scope,,,UEHEF11216,https://www.facebook.com/groups/210657489350109/permalink/2400610667021436/
tracking_event,TRACKING _ SEASON 11.xlsx,Raw data,961,outside_phase2_event_scope,,,UEHEF11224,https://www.facebook.com/groups/210657489350109/permalink/2400579370357899/
tracking_event,TRACKING _ SEASON 11.xlsx,Raw data,962,outside_phase2_event_scope,,,UEHEM11597,https://www.facebook.com/groups/210657489350109/permalink/2399244220491414/
tracking_event,TRACKING _ SEASON 11.xlsx,Raw data,964,outside_phase2_event_scope,,,UEHEM11050,https://www.facebook.com/groups/210657489350109/permalink/2400251657057337/
tracking_event,TRACKING _ SEASON 11.xlsx,Raw data,965,outside_phase2_event_scope,,,UEHEM11007,https://www.facebook.com/groups/210657489350109/permalink/2400568670358969/
tracking_event,TRACKING _ SEASON 11.xlsx,Raw data,966,outside_phase2_event_scope,,,UEHEF11213,https://www.facebook.com/groups/210657489350109/permalink/2400441990371637/
tracking_event,TRACKING _ SEASON 11.xlsx,Raw data,970,outside_phase2_event_scope,,,UEHEF11009,https://www.facebook.com/groups/210657489350109/permalink/2400322690383567/
tracking_event,TRACKING _ SEASON 11.xlsx,Raw data,971,outside_phase2_event_scope,,,UEHEF11445,https://www.facebook.com/groups/210657489350109/permalink/2400320590383777/
tracking_event,TRACKING _ SEASON 11.xlsx,Raw data,972,outside_phase2_event_scope,,,UEHEF11092,https://www.facebook.com/groups/210657489350109/permalink/2400306863718483/
tracking_event,TRACKING _ SEASON 11.xlsx,Raw data,973,outside_phase2_event_scope,,,UEHEF11279,https://www.facebook.com/groups/210657489350109/permalink/2400238193725350/
tracking_event,TRACKING _ SEASON 11.xlsx,Raw data,974,outside_phase2_event_scope,,,UEHEF11079,https://www.facebook.com/groups/210657489350109/permalink/2400238157058687/
tracking_event,TRACKING _ SEASON 11.xlsx,Raw data,975,outside_phase2_event_scope,,,UEHEM11567,https://www.facebook.com/groups/210657489350109/permalink/2400234547059048/
tracking_event,TRACKING _ SEASON 11.xlsx,Raw data,976,outside_phase2_event_scope,,,UEHEM11523,https://www.facebook.com/groups/210657489350109/permalink/2400046397077863/
tracking_event,TRACKING _ SEASON 11.xlsx,Raw data,977,outside_phase2_event_scope,,,UEHEF11330,https://www.facebook.com/groups/210657489350109/permalink/2400037903745379/
tracking_event,TRACKING _ SEASON 11.xlsx,Raw data,980,outside_phase2_event_scope,,,UEHEM11545,https://www.facebook.com/groups/210657489350109/permalink/2399969677085535/
tracking_event,TRACKING _ SEASON 11.xlsx,Raw data,981,outside_phase2_event_scope,,,UEHEF11374,https://www.facebook.com/groups/210657489350109/permalink/2399867217095781/
tracking_event,TRACKING _ SEASON 11.xlsx,Raw data,982,outside_phase2_event_scope,,,UEHEM11469,https://www.facebook.com/groups/210657489350109/permalink/2399819130433923/
tracking_event,TRACKING _ SEASON 11.xlsx,Raw data,985,outside_phase2_event_scope,,,UEHEM11474,https://www.facebook.com/groups/210657489350109/permalink/2399734517109051/
tracking_event,TRACKING _ SEASON 11.xlsx,Raw data,986,outside_phase2_event_scope,,,UEHEM11620,https://www.facebook.com/groups/210657489350109/permalink/2399714557111047/
tracking_event,TRACKING _ SEASON 11.xlsx,Raw data,988,outside_phase2_event_scope,,,UEHEF11195,https://www.facebook.com/groups/210657489350109/permalink/2399703530445483/
tracking_event,TRACKING _ SEASON 11.xlsx,Raw data,989,outside_phase2_event_scope,,,UEHEF11143,https://www.facebook.com/groups/210657489350109/permalink/2399679210447915/
tracking_recap,TRACKING _ SEASON 11.xlsx,Raw data,990,recap_type=other/unknown,,,,https://www.facebook.com/groups/210657489350109/permalink/2399628423786327/
tracking_event,TRACKING _ SEASON 11.xlsx,Raw data,991,outside_phase2_event_scope,,,UEHEM11576,https://www.facebook.com/groups/210657489350109/permalink/2399571377125365/
tracking_event,TRACKING _ SEASON 11.xlsx,Raw data,992,outside_phase2_event_scope,,,UEHEM11531,https://www.facebook.com/groups/210657489350109/permalink/2399554617127041/
tracking_event,TRACKING _ SEASON 11.xlsx,Raw data,993,outside_phase2_event_scope,,,UEHEF11303,https://www.facebook.com/groups/210657489350109/permalink/2399520507130452/
tracking_event,TRACKING _ SEASON 11.xlsx,Raw data,995,outside_phase2_event_scope,,,UEHEF11139,https://www.facebook.com/groups/210657489350109/permalink/2399141493835020/
tracking_event,TRACKING _ SEASON 11.xlsx,Raw data,996,outside_phase2_event_scope,,,UEHEM11260,https://www.facebook.com/groups/210657489350109/permalink/2399140330501803/
tracking_recap,TRACKING _ SEASON 11.xlsx,Raw data,997,missing_mentee_code; no_active_primary_match_for_mentee_code; cross_mentoring_needs_mentor_review,,,,https://www.facebook.com/groups/210657489350109/permalink/2399136833835486/
tracking_event,TRACKING _ SEASON 11.xlsx,Raw data,998,outside_phase2_event_scope,,,UEHEF11395,https://www.facebook.com/groups/210657489350109/permalink/2399136707168832/
tracking_event,TRACKING _ SEASON 11.xlsx,Raw data,999,outside_phase2_event_scope,,,UEHEF11486,https://www.facebook.com/groups/210657489350109/permalink/2399106580505178/
tracking_event,TRACKING _ SEASON 11.xlsx,Raw data,1000,outside_phase2_event_scope,,,UEHEF11334,https://www.facebook.com/groups/210657489350109/permalink/2399049490510887/
tracking_event,TRACKING _ SEASON 11.xlsx,Raw data,1003,outside_phase2_event_scope,,,,https://www.facebook.com/groups/210657489350109/permalink/2398910363858133/
tracking_event,TRACKING _ SEASON 11.xlsx,Raw data,1004,outside_phase2_event_scope,,,UEHEF11244,https://www.facebook.com/groups/210657489350109/permalink/2398888277193675/
tracking_event,TRACKING _ SEASON 11.xlsx,Raw data,1006,outside_phase2_event_scope,,,UEHEF11146,https://www.facebook.com/groups/210657489350109/permalink/2398841393865030/
tracking_event,TRACKING _ SEASON 11.xlsx,Raw data,1007,outside_phase2_event_scope,,,UEHEM11219,https://www.facebook.com/groups/210657489350109/permalink/2398828323866337/
tracking_event,TRACKING _ SEASON 11.xlsx,Raw data,1008,outside_phase2_event_scope,,,UEHEF11067,https://www.facebook.com/groups/210657489350109/permalink/2398819563867213/
tracking_event,TRACKING _ SEASON 11.xlsx,Raw data,1009,outside_phase2_event_scope,,,UEHEM11625,https://www.facebook.com/groups/210657489350109/permalink/2398802730535563/
tracking_event,TRACKING _ SEASON 11.xlsx,Raw data,1012,outside_phase2_event_scope,,,UEHEF11035,https://www.facebook.com/groups/210657489350109/permalink/2398709290544907/
tracking_event,TRACKING _ SEASON 11.xlsx,Raw data,1013,outside_phase2_event_scope,,,UEHEM11535,https://www.facebook.com/groups/210657489350109/permalink/2398624083886761/
tracking_event,TRACKING _ SEASON 11.xlsx,Raw data,1014,outside_phase2_event_scope,,,UEHEF11282,https://www.facebook.com/groups/210657489350109/permalink/2398374560578380/
tracking_event,TRACKING _ SEASON 11.xlsx,Raw data,1015,outside_phase2_event_scope,,,UEHEF11018,https://www.facebook.com/groups/210657489350109/permalink/2398353213913848/
tracking_event,TRACKING _ SEASON 11.xlsx,Raw data,1016,outside_phase2_event_scope,,,UEHEM11608,https://www.facebook.com/groups/210657489350109/permalink/2398343287248174/
tracking_event,TRACKING _ SEASON 11.xlsx,Raw data,1018,outside_phase2_event_scope,,,UEHEM11412,https://www.facebook.com/groups/210657489350109/permalink/2398326503916519/
tracking_event,TRACKING _ SEASON 11.xlsx,Raw data,1019,outside_phase2_event_scope,,,UEHEF11310,https://www.facebook.com/groups/210657489350109/permalink/2398308087251694/
tracking_recap,TRACKING _ SEASON 11.xlsx,Raw data,1020,recap_type=other/unknown,,,,https://www.facebook.com/groups/210657489350109/permalink/2398291887253314/
tracking_event,TRACKING _ SEASON 11.xlsx,Raw data,1022,outside_phase2_event_scope,,,UEHEM11102,https://www.facebook.com/groups/210657489350109/permalink/2398217603927409/
tracking_event,TRACKING _ SEASON 11.xlsx,Raw data,1023,outside_phase2_event_scope,,,UEHEF11172,https://www.facebook.com/groups/210657489350109/permalink/2398209200594916/
tracking_event,TRACKING _ SEASON 11.xlsx,Raw data,1024,outside_phase2_event_scope,,,UEHEM11538,https://www.facebook.com/groups/210657489350109/permalink/2398208017261701/
tracking_event,TRACKING _ SEASON 11.xlsx,Raw data,1025,outside_phase2_event_scope,,,UEHEM11635,https://www.facebook.com/groups/210657489350109/permalink/2398191390596697/
tracking_event,TRACKING _ SEASON 11.xlsx,Raw data,1026,outside_phase2_event_scope,,,UEHEM11202,https://www.facebook.com/groups/210657489350109/permalink/2398147237267779/
tracking_event,TRACKING _ SEASON 11.xlsx,Raw data,1027,outside_phase2_event_scope,,,UEHEM11544,https://www.facebook.com/groups/210657489350109/permalink/2398123023936867/
tracking_event,TRACKING _ SEASON 11.xlsx,Raw data,1029,outside_phase2_event_scope,,,UEHEF11151,https://www.facebook.com/groups/210657489350109/permalink/2398099547272548/
tracking_event,TRACKING _ SEASON 11.xlsx,Raw data,1030,outside_phase2_event_scope,,,UEHEF11250,https://www.facebook.com/groups/210657489350109/permalink/2398086893940480/
tracking_recap,TRACKING _ SEASON 11.xlsx,Raw data,1032,cross_mentoring_needs_mentor_review,,,UEHEM11537,https://www.facebook.com/groups/210657489350109/permalink/2397895857292917/
tracking_event,TRACKING _ SEASON 11.xlsx,Raw data,1033,outside_phase2_event_scope,,,UEHEM11594,https://www.facebook.com/groups/210657489350109/permalink/2397893603959809/
tracking_event,TRACKING _ SEASON 11.xlsx,Raw data,1034,outside_phase2_event_scope,,,,https://www.facebook.com/groups/210657489350109/permalink/2397863300629506/
tracking_event,TRACKING _ SEASON 11.xlsx,Raw data,1035,outside_phase2_event_scope,,,UEHEM11152,https://www.facebook.com/groups/210657489350109/permalink/2397846313964538/
tracking_event,TRACKING _ SEASON 11.xlsx,Raw data,1036,outside_phase2_event_scope,,,UEHEF11243,https://www.facebook.com/groups/210657489350109/permalink/2397844337298069/
tracking_event,TRACKING _ SEASON 11.xlsx,Raw data,1037,outside_phase2_event_scope,,,UEHEM11524,https://www.facebook.com/groups/210657489350109/permalink/2397832767299226/
tracking_event,TRACKING _ SEASON 11.xlsx,Raw data,1038,outside_phase2_event_scope,,,UEHEF11494,https://www.facebook.com/groups/210657489350109/permalink/2397830917299411/
tracking_event,TRACKING _ SEASON 11.xlsx,Raw data,1039,outside_phase2_event_scope,,,UEHEF11140,https://www.facebook.com/groups/210657489350109/permalink/2397823200633516/
tracking_event,TRACKING _ SEASON 11.xlsx,Raw data,1040,outside_phase2_event_scope,,,UEHEF11400,https://www.facebook.com/groups/210657489350109/permalink/2397810193968150/
tracking_event,TRACKING _ SEASON 11.xlsx,Raw data,1041,outside_phase2_event_scope,,,UEHEF11447,https://www.facebook.com/groups/210657489350109/permalink/2397808673968302/
tracking_event,TRACKING _ SEASON 11.xlsx,Raw data,1042,outside_phase2_event_scope,,,UEHEM11324,https://www.facebook.com/groups/210657489350109/permalink/2397769870638849/
tracking_event,TRACKING _ SEASON 11.xlsx,Raw data,1043,outside_phase2_event_scope,,,UEHEF11144,https://www.facebook.com/groups/210657489350109/permalink/2397738150642021/
tracking_event,TRACKING _ SEASON 11.xlsx,Raw data,1044,outside_phase2_event_scope,,,UEHEF11070,https://www.facebook.com/groups/210657489350109/permalink/2397590873990082/
tracking_event,TRACKING _ SEASON 11.xlsx,Raw data,1045,outside_phase2_event_scope,,,UEHEM11596,https://www.facebook.com/groups/210657489350109/permalink/2397589207323582/
tracking_recap,TRACKING _ SEASON 11.xlsx,Raw data,1047,missing_url,,,UEHEF11328,[RECAP BUỔI 2 – 30/01/2026]
tracking_recap,TRACKING _ SEASON 11.xlsx,Raw data,1048,missing_url,,,UEHEF11206,[RECAP BUỔI 3 – 31/1/2026]
tracking_recap,TRACKING _ SEASON 11.xlsx,Raw data,1049,missing_url,,,UEHEM11512,[RECAP MENTORING BUỔI 2 - 31/01/2026]
tracking_recap,TRACKING _ SEASON 11.xlsx,Raw data,1050,missing_url; missing_meeting_date,,,UEHEF11136,Imported Facebook recap
tracking_recap,TRACKING _ SEASON 11.xlsx,Raw data,1051,missing_url,,,UEHEF11096,[RECAP Buổi 1 - 30/1/2025]
tracking_recap,TRACKING _ SEASON 11.xlsx,Raw data,1052,missing_url,,,UEHEF11043,[RECAP BUỔI 3 - 30/01/2026]
tracking_recap,TRACKING _ SEASON 11.xlsx,Raw data,1053,missing_url; cross_mentoring_needs_mentor_review,,,UEHEM11186,[RECAP BUỔI 01 - 31/01/2026]
tracking_recap,TRACKING _ SEASON 11.xlsx,Raw data,1054,missing_url; missing_meeting_date,,,UEHSF11006,[RECAP BUỔI 3]
tracking_recap,TRACKING _ SEASON 11.xlsx,Raw data,1055,missing_url,,,UEHEF11319,[Recap buổi 2 - 1/1/2026]
tracking_recap,TRACKING _ SEASON 11.xlsx,Raw data,1056,missing_url,,,UEHEM11098,[RECAP BUỔI 3 – 31/01/2026]
tracking_recap,TRACKING _ SEASON 11.xlsx,Raw data,1057,missing_url,,,UEHEM11634,[RECAP BUỔI 3 - 31/1/2025]
tracking_recap,TRACKING _ SEASON 11.xlsx,Raw data,1058,missing_url,,,UEHEF11386,[RECAP BUỔI 2 - 31/01/2026]
tracking_recap,TRACKING _ SEASON 11.xlsx,Raw data,1059,missing_url,,,UEHEM11546,[RECAP Buổi 3 - 29/1/2025]
tracking_recap,TRACKING _ SEASON 11.xlsx,Raw data,1060,missing_url,,,UEHEF11374,[RECAP BUỔI 3 - 31/01/2026]
tracking_recap,TRACKING _ SEASON 11.xlsx,Raw data,1061,missing_url,,,UEHEM11602,[RECAP Buổi 2 - 31/1/2026]
tracking_recap,TRACKING _ SEASON 11.xlsx,Raw data,1062,missing_url,,,UEHEF11302,[RECAP BUỔI 2 - 29/1/2026]
tracking_recap,TRACKING _ SEASON 11.xlsx,Raw data,1063,missing_url,,,UEHEF11500,[RECAP BUỔI 2 - 30/1/2026]
tracking_recap,TRACKING _ SEASON 11.xlsx,Raw data,1064,missing_url,,,UEHEF11113,[RECAP BUỔI 2 - 15/11/2025]
tracking_recap,TRACKING _ SEASON 11.xlsx,Raw data,1065,missing_url,,,UEHEF11001,[RECAP BUỔI 3 - 31/1/2026]
tracking_recap,TRACKING _ SEASON 11.xlsx,Raw data,1066,missing_url,,,UEHEM11291,[RECAP BUỔI 2 - 31/1/2026]
tracking_recap,TRACKING _ SEASON 11.xlsx,Raw data,1067,missing_url,,,UEHEF11490,[RECAP BUỔI 3 - 21/01/2026]
tracking_recap,TRACKING _ SEASON 11.xlsx,Raw data,1068,missing_url,,,UEHEF11231,[RECAP BUỔI 3 - 31/1/2026]
tracking_event,TRACKING _ SEASON 11.xlsx,Raw data,1069,outside_phase2_event_scope,,,UEHEF11452,"[RECAP TRAINING CHỦ ĐỀ: ""PROCUREMENT IN SUPPLY CHAIN"" - 28/01/2026]"
tracking_recap,TRACKING _ SEASON 11.xlsx,Raw data,1070,missing_url,,,UEHEM11081,[RECAP BUỔI 2 - 15/01/2026]
tracking_recap,TRACKING _ SEASON 11.xlsx,Raw data,1071,missing_url,,,UEHEF11407,[RECAP BUỔI 03- 29/1/2026]
tracking_recap,TRACKING _ SEASON 11.xlsx,Raw data,1072,missing_url,,,UEHEM11443,[RECAP BUỔI 2 - 29/01/2025]
tracking_recap,TRACKING _ SEASON 11.xlsx,Raw data,1073,missing_url; missing_meeting_date,,,UEHEF11390,[RECAP BUỔI 3]
tracking_recap,TRACKING _ SEASON 11.xlsx,Raw data,1074,missing_url,,,UEHEM11572,[RECAP BUỔI 2 - 26/01/2026]
tracking_recap,TRACKING _ SEASON 11.xlsx,Raw data,1075,missing_url,,,UEHEM11622,[RECAP BUỔI 3 - 30/01/2026]
tracking_recap,TRACKING _ SEASON 11.xlsx,Raw data,1076,missing_url,,,UEHEF11342,[RECAP BUỔI GẶP THỨ BA - 30/01/2026]
tracking_recap,TRACKING _ SEASON 11.xlsx,Raw data,1077,missing_url; missing_meeting_date,,,UEHEM11003,[RECAP BUỔI 2 - 23/01]
tracking_recap,TRACKING _ SEASON 11.xlsx,Raw data,1078,missing_url,,,UEHEF11429,[RECAP BUỔI 3 - 31/01/2026]
tracking_recap,TRACKING _ SEASON 11.xlsx,Raw data,1079,missing_url,,,UEHEM11361,[RECAP BUỔI 3 - 31/1/2026]
tracking_event,TRACKING _ SEASON 11.xlsx,Raw data,1080,outside_phase2_event_scope,,,UEHEM11075,[RECAP TRAINING 04: FROM PEER PRESSURE TO INNER CONFIDENCE: FINDING PURPOSE IN YOUR CAREER - 25/01/2026]
tracking_recap,TRACKING _ SEASON 11.xlsx,Raw data,1081,missing_url,,,UEHEM11045,[RECAP BUỔI 3 - 31/1/2026]
tracking_recap,TRACKING _ SEASON 11.xlsx,Raw data,1082,missing_url,,,UEHEF11009,[RECAP BUỔI 3 – 27/01/2026]
tracking_recap,TRACKING _ SEASON 11.xlsx,Raw data,1083,missing_url,,,UEHEF11117,[RECAP Buổi 3 - 29/1/2026]
tracking_recap,TRACKING _ SEASON 11.xlsx,Raw data,1084,missing_url; missing_meeting_date,,,UEHEF11135,[RECAP BUỔI 2]
tracking_recap,TRACKING _ SEASON 11.xlsx,Raw data,1085,missing_url; missing_meeting_date,,,UEHEF11229,[RECAP BUỔI 3]
tracking_recap,TRACKING _ SEASON 11.xlsx,Raw data,1086,missing_url,,,UEHEF11284,[RECAP BUỔI 3- 29/1/2025]
tracking_recap,TRACKING _ SEASON 11.xlsx,Raw data,1087,missing_url,,,UEHEF11392,[RECAP BUỔI 3 - 27/01/2026]
tracking_recap,TRACKING _ SEASON 11.xlsx,Raw data,1088,missing_url,,,UEHEF11401,[RECAP BUỔI 1 - 30/01/2026]
tracking_recap,TRACKING _ SEASON 11.xlsx,Raw data,1089,missing_url,,,UEHEM11292,[RECAP BUỔI 3 - 30/01/2026]
tracking_event,TRACKING _ SEASON 11.xlsx,Raw data,1090,outside_phase2_event_scope,,,UEHEM11515,[RECAP TRAINING CHỦ ĐỀ: “PROCUREMENT IN SUPPLY CHAIN” - 28/01/2026]
tracking_recap,TRACKING _ SEASON 11.xlsx,Raw data,1091,missing_url; missing_meeting_date,,,UEHEM11566,Imported Facebook recap
tracking_recap,TRACKING _ SEASON 11.xlsx,Raw data,1092,missing_url,,,UEHEF11127,[RECAP BUỔI 3 - 25/1/2026]
tracking_recap,TRACKING _ SEASON 11.xlsx,Raw data,1093,missing_url,,,UEHSF11004,[RECAP BUỔI 4 - 26/01/2026]
tracking_recap,TRACKING _ SEASON 11.xlsx,Raw data,1094,missing_url,,,UEHEM11084,[RECAP BUỔI 3 - 31/01/2026]
tracking_recap,TRACKING _ SEASON 11.xlsx,Raw data,1095,missing_url,,,UEHEF11058,[RECAP BUỔI 3 - 30/01/2026]
tracking_recap,TRACKING _ SEASON 11.xlsx,Raw data,1096,missing_url,,,UEHEF11494,[RECAP BUỔI 3 - 29/1/2026]
tracking_recap,TRACKING _ SEASON 11.xlsx,Raw data,1097,missing_url,,,UEHEF11193,[RECAP BUỔI 3 [29/01/2026]
tracking_recap,TRACKING _ SEASON 11.xlsx,Raw data,1098,missing_url,,,UEHEM11580,[RECAP BUỔI 3 – 14/1/2026]
tracking_recap,TRACKING _ SEASON 11.xlsx,Raw data,1099,missing_url,,,UEHEM11120,Imported Facebook recap
tracking_recap,TRACKING _ SEASON 11.xlsx,Raw data,1100,missing_url,,,UEHEF11450,[RECAP BUỔI 3 – 05/02/2026]
tracking_recap,TRACKING _ SEASON 11.xlsx,Raw data,1101,missing_url,,,UEHEM11579,[RECAP BUỔI 3 - 28/1/2026]
tracking_recap,TRACKING _ SEASON 11.xlsx,Raw data,1102,missing_url,,,UEHEM11559,[RECAP BUỔI 3 - 28/1/2026]
tracking_recap,TRACKING _ SEASON 11.xlsx,Raw data,1103,missing_url; no_active_primary_match_for_mentee_code,,,UEHF11404,[RECAP BUỔI 03 - 17/01/2026]
tracking_recap,TRACKING _ SEASON 11.xlsx,Raw data,1104,missing_url,,,UEHEF11177,[RECAP BUỔI 03 – 27/01/2025]
tracking_recap,TRACKING _ SEASON 11.xlsx,Raw data,1105,missing_url,,,UEHEF11177,[RECAP BUỔI 02 – 31/12/2025]
tracking_recap,TRACKING _ SEASON 11.xlsx,Raw data,1106,missing_url,,,UEHEF11039,[RECAP BUỔI 3 – 29/1/2026]
tracking_recap,TRACKING _ SEASON 11.xlsx,Raw data,1107,missing_url,,,UEHEF11205,[RECAP BUỔI 2 - 30/1/2026]
tracking_event,TRACKING _ SEASON 11.xlsx,Raw data,1108,outside_phase2_event_scope,,,UEHEF11367,Imported Facebook recap
tracking_recap,TRACKING _ SEASON 11.xlsx,Raw data,1109,missing_url; no_active_primary_match_for_mentee_code; cross_mentoring_needs_mentor_review,,,UEHM11473,[RECAP BUỔI 1 - 29/01/2026]
tracking_recap,TRACKING _ SEASON 11.xlsx,Raw data,1110,missing_url,,,UEHEF11253,[RECAP BUỔI 1 - 30/11/2025]
tracking_recap,TRACKING _ SEASON 11.xlsx,Raw data,1111,missing_url,,,UEHEF11148,Imported Facebook recap
tracking_recap,TRACKING _ SEASON 11.xlsx,Raw data,1112,missing_url,,,UEHEF11033,[RECAP BUỔI 2 - 10/01/2025]
tracking_recap,TRACKING _ SEASON 11.xlsx,Raw data,1113,missing_url,,,UEHEF11037,[RECAP BUỔI 3 - 27/01/2026]
tracking_recap,TRACKING _ SEASON 11.xlsx,Raw data,1114,missing_url,,,UEHEF11036,[RECAP BUỔI 2 – 25/11/2025]
tracking_recap,TRACKING _ SEASON 11.xlsx,Raw data,1115,missing_url; cross_mentoring_needs_mentor_review,,,UEHEF11368,[RECAP BUỔI 5 – 22/1/2026]
tracking_recap,TRACKING _ SEASON 11.xlsx,Raw data,1116,missing_url; cross_mentoring_needs_mentor_review,,,UEHEF11368,[RECAP BUỔI 3 – 20/1/2026]
tracking_recap,TRACKING _ SEASON 11.xlsx,Raw data,1117,missing_url; cross_mentoring_needs_mentor_review,,,UEHEF11368,[RECAP BUỔI 4 – 21/1/2026]
tracking_recap,TRACKING _ SEASON 11.xlsx,Raw data,1118,missing_url,,,UEHEM11097,[RECAP BUỔI 3 - 28/01/2026]
tracking_event,TRACKING _ SEASON 11.xlsx,Raw data,1119,outside_phase2_event_scope,,,UEHEM11102,Imported Facebook recap
tracking_event,TRACKING _ SEASON 11.xlsx,Raw data,1120,outside_phase2_event_scope,,,UEHEF11066,[RECAP BUỔI 3 - 28/01/2026]
tracking_recap,TRACKING _ SEASON 11.xlsx,Raw data,1121,missing_url,,,UEHEF11271,[RECAP BUỔI 2 - 25/01/2026]
tracking_event,TRACKING _ SEASON 11.xlsx,Raw data,1122,outside_phase2_event_scope,,,UEHEM11505,[RECAP TRAINING Buổi 2]
tracking_recap,TRACKING _ SEASON 11.xlsx,Raw data,1123,missing_url,,,UEHEF11241,[RECAP BUỔI 3 - 29/01/2026]
tracking_recap,TRACKING _ SEASON 11.xlsx,Raw data,1124,missing_url,,,UEHEF11171,[RECAP BUỔI 3 - 28/01/2026]
tracking_recap,TRACKING _ SEASON 11.xlsx,Raw data,1125,missing_url,,,UEHEM11175,[RECAP BUỔI 03 - 28/01/2026]
tracking_recap,TRACKING _ SEASON 11.xlsx,Raw data,1126,missing_url; missing_meeting_date,,,UEHEF11299,[RECAP BUỔI 2 - 28.1.2026]
tracking_recap,TRACKING _ SEASON 11.xlsx,Raw data,1127,missing_url,,,UEHEF11420,[RECAP BUỔI 3 - 27/01/2026]
tracking_recap,TRACKING _ SEASON 11.xlsx,Raw data,1128,missing_url,,,UEHEM11219,[RECAP BUỔI 2 - 26/01/2026]
tracking_recap,TRACKING _ SEASON 11.xlsx,Raw data,1129,missing_url,,,UEHEM11548,[RECAP BUỔI 4 - 26/01/2026]
tracking_recap,TRACKING _ SEASON 11.xlsx,Raw data,1130,missing_url,,,UEHEM11050,[RECAP BUỔI 3 - 28/01/2026]
tracking_recap,TRACKING _ SEASON 11.xlsx,Raw data,1131,missing_url,,,UEHSM11012,[RECAP BUỔI 2 - 26/01/2026]
tracking_recap,TRACKING _ SEASON 11.xlsx,Raw data,1132,missing_url,,,UEHEM11076,[RECAP BUỔI 4 - 27/01/2026]
tracking_recap,TRACKING _ SEASON 11.xlsx,Raw data,1133,missing_url,,,UEHEM11350,[RECAP BUỔI 1 - 27/1/2026]
tracking_recap,TRACKING _ SEASON 11.xlsx,Raw data,1134,missing_url,,,UEHEM11638,[RECAP BUỔI 3 - 27/1/2026]
tracking_event,TRACKING _ SEASON 11.xlsx,Raw data,1135,outside_phase2_event_scope,,,UEHEF11493,Imported Facebook recap
tracking_recap,TRACKING _ SEASON 11.xlsx,Raw data,1136,missing_url,,,UEHEF11493,[RECAP BUỔI 2 - 21/01/2026]
tracking_recap,TRACKING _ SEASON 11.xlsx,Raw data,1137,missing_url,,,UEHEF11207,[RECAP BUỔI 03 - 27/01/2026]
tracking_recap,TRACKING _ SEASON 11.xlsx,Raw data,1138,missing_url,,,UEHEF11402,[RECAP BUỔI 3– 27/1/2026]
tracking_event,TRACKING _ SEASON 11.xlsx,Raw data,1139,outside_phase2_event_scope,,,UEHEM11524,[RECAP TRAINING 04: FROM PEER PRESSURE TO INNER CONFIDENCE: FINDING PURPOSE IN YOUR CAREER - 25/01/2026]
tracking_recap,TRACKING _ SEASON 11.xlsx,Raw data,1140,missing_url,,,UEHEM11087,[RECAP BUỔI 3 - 26/01/2026]
tracking_recap,TRACKING _ SEASON 11.xlsx,Raw data,1141,missing_url,,,UEHEF11395,[RECAP BUỔI 8 - 27/1/2026]
tracking_recap,TRACKING _ SEASON 11.xlsx,Raw data,1142,missing_url,,,UEHEF11256,[RECAP BUỔI 3 - 19/01/2026]
tracking_recap,TRACKING _ SEASON 11.xlsx,Raw data,1143,missing_url; missing_mentee_code; no_active_primary_match_for_mentee_code,,,,[RECAP BUỔI 3 - 27/1/2026]
tracking_recap,TRACKING _ SEASON 11.xlsx,Raw data,1144,missing_url,,,UEHEF11147,[RECAP BUỔI 3 - 22/1/2026]
tracking_recap,TRACKING _ SEASON 11.xlsx,Raw data,1145,missing_url,,,UEHEF11131,[RECAP BUỔI 03 – 26/01/2026]
tracking_event,TRACKING _ SEASON 11.xlsx,Raw data,1146,outside_phase2_event_scope,,,UEHEM11350,[RECAP TRAINING 04:FROM PEER PRESSURE TO INNER CONFIDENCE: FINDING PURPOSE IN YOUR CAREER - 25/01/2026]
tracking_recap,TRACKING _ SEASON 11.xlsx,Raw data,1147,missing_url,,,UEHEM11612,[RECAP BUỔI 3 - 25/1/2026]
tracking_recap,TRACKING _ SEASON 11.xlsx,Raw data,1148,missing_url; missing_mentee_code; no_active_primary_match_for_mentee_code,,,,[RECAP BUỔI 2 - 07/01/2026]
tracking_recap,TRACKING _ SEASON 11.xlsx,Raw data,1149,missing_url; missing_mentee_code; no_active_primary_match_for_mentee_code,,,,[RECAP BUỔI MENTORING THỨ 3]
tracking_recap,TRACKING _ SEASON 11.xlsx,Raw data,1150,recap_type=other/unknown,,,,Imported Facebook recap
tracking_recap,TRACKING _ SEASON 11.xlsx,Raw data,1151,missing_url,,,UEHEM11289,[RECAP BUỔI 4_Ngày 27/01/2026]
tracking_recap,TRACKING _ SEASON 11.xlsx,Raw data,1152,missing_url,,,UEHEM11553,[RECAP BUỔI 2 – 23/01/2026]
tracking_recap,TRACKING _ SEASON 11.xlsx,Raw data,1153,missing_url,,,UEHEM11591,[RECAP BUỔI 2 - 26/01/2026]
tracking_event,TRACKING _ SEASON 11.xlsx,Raw data,1154,outside_phase2_event_scope,,,UEHEF11449,[RECAP TRAINING 04: FROM PEER PRESSURE TO INNER CONFIDENCE: FINDING PURPOSE IN YOUR CAREER - 25/01/2026]
tracking_event,TRACKING _ SEASON 11.xlsx,Raw data,1155,outside_phase2_event_scope,,,UEHEF11449,[RECAP TRAINING 04: FROM PEER PRESSURE TO INNER CONFIDENCE: FINDING PURPOSE IN YOUR CAREER - 25/01/2026]
tracking_recap,TRACKING _ SEASON 11.xlsx,Raw data,1156,missing_url,,,UEHEM11261,[RECAP BUỔI 3 - 26/1/2026]
tracking_recap,TRACKING _ SEASON 11.xlsx,Raw data,1157,missing_url,,,UEHEM11607,[RECAP BUỔI 2 - 26/01/2025]
tracking_recap,TRACKING _ SEASON 11.xlsx,Raw data,1158,missing_url,,,UEHEM11569,[RECAP BUỔI 02 - 25/01/2026]
tracking_recap,TRACKING _ SEASON 11.xlsx,Raw data,1159,missing_url,,,UEHEM11588,[RECAP BUỔI 3 - 22/1/2026]
tracking_event,TRACKING _ SEASON 11.xlsx,Raw data,1160,outside_phase2_event_scope,,,UEHEM11543,[RECAP NGÀY 24/01/2026]
tracking_event,TRACKING _ SEASON 11.xlsx,Raw data,1161,outside_phase2_event_scope,,,UEHEM11569,Imported Facebook recap
tracking_recap,TRACKING _ SEASON 11.xlsx,Raw data,1162,missing_url,,,UEHEF11034,[RECAP BUỔI 3 - 23/01/2026]
tracking_event,TRACKING _ SEASON 11.xlsx,Raw data,1163,outside_phase2_event_scope,,,UEHEF11485,"[RECAP TRAINING SESSION 04 ""FROM PEER PRESSURE TO INNER CONFIDENCE: FINDING PURPOSE IN YOUR CAREER""]"
tracking_recap,TRACKING _ SEASON 11.xlsx,Raw data,1164,missing_url; no_active_primary_match_for_mentee_code,,,UEHEM11611,[RECAP BUỔI 4 - 26/1/2026]
tracking_event,TRACKING _ SEASON 11.xlsx,Raw data,1165,outside_phase2_event_scope,,,UEHEF11165,[RECAP TRAINING 04: FROM PEER PRESSURE TO INNER CONFIDENCE: FINDING PURPOSE IN YOUR CAREER - 25/01/2026]
tracking_recap,TRACKING _ SEASON 11.xlsx,Raw data,1166,missing_url,,,UEHEM11523,[RECAP BUỔI 2 - 24/01/2026]
tracking_recap,TRACKING _ SEASON 11.xlsx,Raw data,1167,missing_url,,,UEHEM11442,[RECAP BUỔI 2 – 25/01/2026]
tracking_event,TRACKING _ SEASON 11.xlsx,Raw data,1168,outside_phase2_event_scope,,,UEHEM11210,Imported Facebook recap
tracking_recap,TRACKING _ SEASON 11.xlsx,Raw data,1169,missing_url,,,UEHEF11348,[Recap Buổi 3 - 23/1/2026]
tracking_recap,TRACKING _ SEASON 11.xlsx,Raw data,1170,missing_url,,,UEHEF11343,[RECAP BUỔI 3 - 21/1/2026]
tracking_event,TRACKING _ SEASON 11.xlsx,Raw data,1171,outside_phase2_event_scope,,,UEHEF11279,Imported Facebook recap
tracking_event,TRACKING _ SEASON 11.xlsx,Raw data,1172,outside_phase2_event_scope,,,UEHEM11594,Imported Facebook recap
tracking_recap,TRACKING _ SEASON 11.xlsx,Raw data,1173,missing_url,,,UEHEF11216,[RECAP: BUỔI 3: 24/1/2025]
tracking_event,TRACKING _ SEASON 11.xlsx,Raw data,1174,outside_phase2_event_scope,,,UEHEF1115,Imported Facebook recap
tracking_recap,TRACKING _ SEASON 11.xlsx,Raw data,1175,missing_url,,,UEHEF11283,[RECAP BUỔI 2 (24/1/2026)]
tracking_event,TRACKING _ SEASON 11.xlsx,Raw data,1176,outside_phase2_event_scope,,,UEHEF11058,[RECAP TRAINING 04: FROM PEER PRESSURE TO INNER CONFIDENCE: FINDING PURPOSE IN YOUR CAREER - 25/01/2026]
tracking_recap,TRACKING _ SEASON 11.xlsx,Raw data,1177,missing_url,,,UEHEF11234,[RECAP BUỔI 2 - 25/01/2026]
tracking_recap,TRACKING _ SEASON 11.xlsx,Raw data,1178,missing_url,,,UEHEF11334,[RECAP BUỔI 3 - 21/01/2026]
tracking_recap,TRACKING _ SEASON 11.xlsx,Raw data,1179,missing_url,,,UEHEF11139,[RECAP BUỔI 3 - 23/01/2026]
tracking_recap,TRACKING _ SEASON 11.xlsx,Raw data,1180,missing_url,,,UEHEF11280,[RECAP BUỔI 3 - 16/11/2026]
tracking_recap,TRACKING _ SEASON 11.xlsx,Raw data,1181,missing_url,,,UEHEM11324,[RECAP BUỔI 4 – 24/1/2026]
tracking_recap,TRACKING _ SEASON 11.xlsx,Raw data,1182,missing_url,,,UEHEF11107,[RECAP MENTORING BUỔI 3 - 24/01/2025]
tracking_recap,TRACKING _ SEASON 11.xlsx,Raw data,1183,missing_url,,,UEHEF11072,[Recap_Ngày 25/01/2025]
tracking_recap,TRACKING _ SEASON 11.xlsx,Raw data,1184,missing_url,,,UEHEF11042,[RECAP MENTORING BUỔI 3 - 23/01/2025]
tracking_recap,TRACKING _ SEASON 11.xlsx,Raw data,1185,missing_url,,,UEHEF11064,[RECAP BUỔI 3 - 21/1/2026]
tracking_recap,TRACKING _ SEASON 11.xlsx,Raw data,1186,missing_url; missing_mentee_code; no_active_primary_match_for_mentee_code,,,,[RECAP SESSION 10 - 29/06/2025]
tracking_recap,TRACKING _ SEASON 11.xlsx,Raw data,1187,recap_type=other/unknown,,,,Imported Facebook recap
tracking_recap,TRACKING _ SEASON 11.xlsx,Raw data,1188,missing_url,,,UEHEF11174,[RECAP BUỔI 3 - 24/1/2026]
tracking_recap,TRACKING _ SEASON 11.xlsx,Raw data,1189,missing_url; cross_mentoring_needs_mentor_review,,,UEHEM11564,Imported Facebook recap
tracking_recap,TRACKING _ SEASON 11.xlsx,Raw data,1190,missing_url,,,UEHEF11055,[RECAP BUỔI 3 – 22/11/2025]
tracking_recap,TRACKING _ SEASON 11.xlsx,Raw data,1191,missing_url,,,UEHEM11418,[RECAP BUỔI 2 - 21/1/2026]
tracking_recap,TRACKING _ SEASON 11.xlsx,Raw data,1192,missing_url,,,UEHEF11227,[RECAP BUỔI 3 - 18/01/2026]
tracking_recap,TRACKING _ SEASON 11.xlsx,Raw data,1193,missing_url,,,UEHEF11365,[RECAP BUỔI 03 - 22/01/2026]
tracking_recap,TRACKING _ SEASON 11.xlsx,Raw data,1194,missing_url; missing_mentee_code; no_active_primary_match_for_mentee_code,,,,[Recap buổi 02 - 18/01/2026]
tracking_recap,TRACKING _ SEASON 11.xlsx,Raw data,1195,missing_url; cross_mentoring_needs_mentor_review,,,UEHSF11004,Imported Facebook recap
tracking_recap,TRACKING _ SEASON 11.xlsx,Raw data,1196,missing_url; no_active_primary_match_for_mentee_code,,,UEHSF11011,[RECAP BUỔI 3 - 21/01/2026]
tracking_recap,TRACKING _ SEASON 11.xlsx,Raw data,1197,missing_url,,,UEHEF11092,[RECAP BUỔI 3 - 21/01/2026]
tracking_recap,TRACKING _ SEASON 11.xlsx,Raw data,1198,missing_url; missing_mentee_code; no_active_primary_match_for_mentee_code,,,,[RECAP BUỔI 3 - 22/01/2026]
tracking_recap,TRACKING _ SEASON 11.xlsx,Raw data,1199,missing_url,,,UEHEM11536,[RECAP BUỔI 3 - 23/01/2026]
tracking_recap,TRACKING _ SEASON 11.xlsx,Raw data,1200,missing_url,,,UEHEF11409,[RECAP BUỔI 03 - 22/01/2026]
tracking_recap,TRACKING _ SEASON 11.xlsx,Raw data,1201,missing_url; missing_mentee_code; no_active_primary_match_for_mentee_code,,,,[RECAP – NGÀY 23/01/2025]
tracking_recap,TRACKING _ SEASON 11.xlsx,Raw data,1202,missing_url,,,UEHEF11448,[RECAP BUỔI 3 - 17/01/2026]
tracking_recap,TRACKING _ SEASON 11.xlsx,Raw data,1203,missing_url,,,UEHEM11551,[RECAP BUỔI MENTORING – KỲ 3 | 17/01/2026]
tracking_recap,TRACKING _ SEASON 11.xlsx,Raw data,1204,missing_url,,,UEHEF11460,[RECAP BUỔI 2 – 02/01/2026]
tracking_recap,TRACKING _ SEASON 11.xlsx,Raw data,1205,missing_url,,,UEHEF11272,[RECAP BUỔI 3 - 21/01/2026]
tracking_recap,TRACKING _ SEASON 11.xlsx,Raw data,1206,missing_url; cross_mentoring_needs_mentor_review,,,UEHEM11162,[RECAP BUỔI 2 – 22/01/2026]
tracking_recap,TRACKING _ SEASON 11.xlsx,Raw data,1207,missing_url,,,UEHEF11254,[RECAP BUỔI 2 - 22/01/2026]
tracking_recap,TRACKING _ SEASON 11.xlsx,Raw data,1208,missing_url,,,UEHEF11290,Imported Facebook recap
tracking_recap,TRACKING _ SEASON 11.xlsx,Raw data,1209,missing_url,,,UEHEF11060,[RECAP BUỔI 3 - 22/1/2026]
tracking_recap,TRACKING _ SEASON 11.xlsx,Raw data,1210,missing_url,,,UEHEF11425,[RECAP MENTORING buổi 3 - 21/1/2026]
tracking_event,TRACKING _ SEASON 11.xlsx,Raw data,1211,outside_phase2_event_scope,,,UEHEM11610,Imported Facebook recap
tracking_recap,TRACKING _ SEASON 11.xlsx,Raw data,1212,missing_url,,,UEHEM11574,[RECAP BUỔI 3 - 18/01/2026]
tracking_recap,TRACKING _ SEASON 11.xlsx,Raw data,1213,missing_url,,,UEHEF11011,[RECAP BUỔI 3 - 21/1/2026]
tracking_recap,TRACKING _ SEASON 11.xlsx,Raw data,1214,missing_url,,,UEHEF11317,[RECAP BUỔI 3 - 20/01/2026]
tracking_recap,TRACKING _ SEASON 11.xlsx,Raw data,1215,missing_url; missing_mentee_code; missing_meeting_date; no_active_primary_match_for_mentee_code,,,,Imported Facebook recap
tracking_recap,TRACKING _ SEASON 11.xlsx,Raw data,1216,missing_url,,,UEHEF11279,[RECAP BUỔI 3 - 20/1/2026]
tracking_recap,TRACKING _ SEASON 11.xlsx,Raw data,1217,missing_url,,,UEHEM11357,[RECAP BUỔI 3 - 06/01/2026]
tracking_recap,TRACKING _ SEASON 11.xlsx,Raw data,1218,missing_url; missing_meeting_date; cross_mentoring_needs_mentor_review,,,UEHSM11012,Imported Facebook recap
tracking_recap,TRACKING _ SEASON 11.xlsx,Raw data,1219,missing_url,,,UEHEF11294,[RECAP BUỔI 04 - 08/01/2026]
tracking_recap,TRACKING _ SEASON 11.xlsx,Raw data,1220,missing_url,,,UEHEF11421,[RECAP BUỔI 3 - 20/01/2026]
tracking_recap,TRACKING _ SEASON 11.xlsx,Raw data,1221,missing_url,,,UEHEF11163,[RECAP BUỔI 2 - 16/01/2025]
tracking_recap,TRACKING _ SEASON 11.xlsx,Raw data,1222,missing_url,,,UEHEM11516,[Recap buổi 2 - 17/01/2026]
tracking_recap,TRACKING _ SEASON 11.xlsx,Raw data,1223,missing_url,,,UEHEF11018,[RECAP BUỔI 3 - 18/01/2026]
tracking_recap,TRACKING _ SEASON 11.xlsx,Raw data,1224,missing_url; missing_meeting_date; cross_mentoring_needs_mentor_review,,,UEHSM11003,Imported Facebook recap
tracking_recap,TRACKING _ SEASON 11.xlsx,Raw data,1225,missing_url,,,UEHEM11632,[RECAP BUỔI 2 - 19/11/2026]
tracking_recap,TRACKING _ SEASON 11.xlsx,Raw data,1226,missing_url,,,UEHEM11080,[Recap buổi 2 - 18/01/2026]
tracking_recap,TRACKING _ SEASON 11.xlsx,Raw data,1227,missing_url,,,UEHSF11007,[RECAP BUỔI 2 - 15/01/2026]
tracking_recap,TRACKING _ SEASON 11.xlsx,Raw data,1228,missing_url,,,UEHEF11389,[RECAP BUỔI 2 - 16/11/2025]
tracking_recap,TRACKING _ SEASON 11.xlsx,Raw data,1229,missing_url,,,UEHEF11335,[RECAP BUỔI 03 – 18/01/2026]
tracking_recap,TRACKING _ SEASON 11.xlsx,Raw data,1230,missing_url,,,UEHEF11010,[RECAP BUỔI 2 - 18/1/2026]
tracking_recap,TRACKING _ SEASON 11.xlsx,Raw data,1231,missing_url,,,UEHEM11507,[RECAP BUỔI 3 - 18/01/2025]
tracking_recap,TRACKING _ SEASON 11.xlsx,Raw data,1232,missing_url; no_active_primary_match_for_mentee_code,,,UEHEF11044,[RECAP BUỔI 4 QUẢN LÝ THỜI GIAN - QUẢN TRỊ CUỘC ĐỜI - 18/1/2026**]
tracking_recap,TRACKING _ SEASON 11.xlsx,Raw data,1233,missing_url,,,UEHEF11393,[RECAP buổi 3 - 19/01/2026]
tracking_recap,TRACKING _ SEASON 11.xlsx,Raw data,1234,missing_url,,,UEHEM11621,[RECAP BUỔI 3 - 18/01/2026]
tracking_recap,TRACKING _ SEASON 11.xlsx,Raw data,1235,missing_url; cross_mentoring_needs_mentor_review,,,UEHEF11151,[RECAP BUỔI 3: CROSS MENTORING - 11/1/2026]
tracking_recap,TRACKING _ SEASON 11.xlsx,Raw data,1236,missing_url,,,UEHEF11179,Imported Facebook recap
tracking_recap,TRACKING _ SEASON 11.xlsx,Raw data,1237,missing_url,,,UEHEM11613,[RECAP BUỔI 2 - 17/01/2026]
tracking_recap,TRACKING _ SEASON 11.xlsx,Raw data,1238,missing_url; cross_mentoring_needs_mentor_review,,,UEHEF11395,[RECAP BUỔI 7 - 18/1/2026]
tracking_recap,TRACKING _ SEASON 11.xlsx,Raw data,1239,missing_url; cross_mentoring_needs_mentor_review,,,UEHEF11395,[RECAP BUỔI 6 - 15/1/2026]
tracking_recap,TRACKING _ SEASON 11.xlsx,Raw data,1240,missing_url,,,UEHEF11153,[Recap buổi 3 - 16/1/2025]
tracking_recap,TRACKING _ SEASON 11.xlsx,Raw data,1241,missing_url,,,UEHEM11041,[RECAP BUỔI 3 - 18/01/2026]
tracking_recap,TRACKING _ SEASON 11.xlsx,Raw data,1242,missing_url; missing_meeting_date,,,UEHEM11531,[RECAP BUỔI 2 - 18/01//2025]
tracking_recap,TRACKING _ SEASON 11.xlsx,Raw data,1243,missing_url,,,UEHEF11031,[RECAP BUỔI 3 - 18/01/2026]
tracking_recap,TRACKING _ SEASON 11.xlsx,Raw data,1244,missing_url; missing_meeting_date,,,UEHEM11411,Imported Facebook recap
tracking_recap,TRACKING _ SEASON 11.xlsx,Raw data,1245,missing_url,,,UEHEM11262,[RECAP BUỔI 2 - 9/1/2026]
tracking_recap,TRACKING _ SEASON 11.xlsx,Raw data,1246,missing_url,,,UEHEF11491,Imported Facebook recap
tracking_recap,TRACKING _ SEASON 11.xlsx,Raw data,1247,missing_url,,,UEHEF11223,[RECAP BUỔI 2 - 17/01/2026]
tracking_recap,TRACKING _ SEASON 11.xlsx,Raw data,1248,missing_url,,,UEHEF11138,[RECAP BUỔI 3 - 17/01/2026]
tracking_recap,TRACKING _ SEASON 11.xlsx,Raw data,1249,missing_url,,,UEHEF11375,[RECAP MENTORING BUỔI 3 - 16/01/2026]
tracking_recap,TRACKING _ SEASON 11.xlsx,Raw data,1250,missing_url,,,UEHEF11099,[RECAP BUỔI 3 – 16/01/2026]
tracking_recap,TRACKING _ SEASON 11.xlsx,Raw data,1251,missing_url,,,UEHEF11488,[RECAP BUỔI 3 - 15/01/2026]
tracking_recap,TRACKING _ SEASON 11.xlsx,Raw data,1252,missing_url,,,UEHEM11581,[RECAP BUỔI 3 - 14/01/2025]
tracking_recap,TRACKING _ SEASON 11.xlsx,Raw data,1253,missing_url,,,UEHSM11003,[RECAP BUỔI 02]
tracking_recap,TRACKING _ SEASON 11.xlsx,Raw data,1254,missing_url; no_active_primary_match_for_mentee_code,,,UEHEM11528,[RECAP BUỔI 2 - 16/01/2026]
tracking_recap,TRACKING _ SEASON 11.xlsx,Raw data,1255,missing_url; missing_meeting_date,,,UEHEM11643,[RECAP BUỔI 03 – 16/01]
tracking_recap,TRACKING _ SEASON 11.xlsx,Raw data,1256,missing_url; missing_meeting_date,,,UEHEM11604,Imported Facebook recap
tracking_recap,TRACKING _ SEASON 11.xlsx,Raw data,1257,missing_url,,,UEHEF11378,Imported Facebook recap
tracking_recap,TRACKING _ SEASON 11.xlsx,Raw data,1258,missing_url,,,UEHEM11563,[RECAP BUỔI 2 - 12/01/2026]
tracking_recap,TRACKING _ SEASON 11.xlsx,Raw data,1259,missing_url,,,UEHEF11498,[RECAP BUỔI 2 - 16/1/2026]
tracking_recap,TRACKING _ SEASON 11.xlsx,Raw data,1260,missing_url; no_active_primary_match_for_mentee_code,,,UEHEM11641,[RECAP BUỔI 2 - 15/1/2026]
tracking_event,TRACKING _ SEASON 11.xlsx,Raw data,1261,outside_phase2_event_scope,,,UEHEF11367,[RECAP TRAINING SESSION 3: “TÀI CHÍNH CÁ NHÂN – PERSONAL FINANCE”]
tracking_event,TRACKING _ SEASON 11.xlsx,Raw data,1262,outside_phase2_event_scope,,,UEHEM11183,[RECAP BUỔI 2 - 10/1/2026]
tracking_recap,TRACKING _ SEASON 11.xlsx,Raw data,1263,missing_url,,,UEHEF11492,[RECAP BUỔI 2 - 11/1/2026]
tracking_recap,TRACKING _ SEASON 11.xlsx,Raw data,1264,missing_url; cross_mentoring_needs_mentor_review,,,UEHEF11079,[RECAP BUỔI 4 - 11/01/2026]
tracking_recap,TRACKING _ SEASON 11.xlsx,Raw data,1265,missing_url,,,UEHEF11252,[RECAP BUỔI 2 - 08/01/2026]
tracking_recap,TRACKING _ SEASON 11.xlsx,Raw data,1266,missing_url,,,UEHEF11052,[RECAP BUỔI 4 - 10/1/2026]
tracking_recap,TRACKING _ SEASON 11.xlsx,Raw data,1267,missing_url,,,UEHEF11295,[RECAP BUỔI 3 – 11/1/2026]
tracking_recap,TRACKING _ SEASON 11.xlsx,Raw data,1268,missing_url,,,UEHEM11165,[RECAP BUỔI 3 - 14/01/2026]
tracking_event,TRACKING _ SEASON 11.xlsx,Raw data,1269,outside_phase2_event_scope,,,UEHEM11512,"[RECAP TRAINING 03 [""Money Matters: Mastering Personal Finance for Students"" - 11/01/2026]"
tracking_event,TRACKING _ SEASON 11.xlsx,Raw data,1270,outside_phase2_event_scope,,,UEHEM11601,Imported Facebook recap
tracking_event,TRACKING _ SEASON 11.xlsx,Raw data,1271,outside_phase2_event_scope,,,UEHEF11485,[RECAP TRAINING 03: “TÀI CHÍNH CÁ NHÂN-PERSONAL FINANCE” - 11/1/2026]
tracking_recap,TRACKING _ SEASON 11.xlsx,Raw data,1272,missing_url,,,UEHEF11017,[RECAP BUỔI 3 - 11/01/2026]
tracking_recap,TRACKING _ SEASON 11.xlsx,Raw data,1273,missing_url,,,UEHEM11412,Imported Facebook recap
tracking_recap,TRACKING _ SEASON 11.xlsx,Raw data,1274,missing_url,,,UEHEF11400,[RECAP BUỔI 3 - 14/01/2026]
tracking_event,TRACKING _ SEASON 11.xlsx,Raw data,1275,outside_phase2_event_scope,,,UEHEM11520,[RECAP TRAINING 03 - MONEY MATTERS: MASTERING PERSONAL FINANCE FOR STUDENTS - 11/1/2026]
tracking_recap,TRACKING _ SEASON 11.xlsx,Raw data,1276,missing_url,,,UEHSM11010,[RECAP BUỔI 1 - 14/01/2026]
tracking_recap,TRACKING _ SEASON 11.xlsx,Raw data,1277,missing_url,,,UEHEM11605,[RECAP BUỔI 3 – 14/1/2026]
tracking_event,TRACKING _ SEASON 11.xlsx,Raw data,1278,outside_phase2_event_scope,,,UEHEM11582,"[RECAP TRAINING SESSION 03: “TÀI CHÍNH CÁ NHÂN - PERSONAL FINANCE""]"
tracking_event,TRACKING _ SEASON 11.xlsx,Raw data,1279,outside_phase2_event_scope,,,UEHEM11557,[RECAP TRAINING 03 - MONEY MATTERS: MASTERING PERSONAL FINANCE FOR STUDENTS - 11/1/2026]
tracking_event,TRACKING _ SEASON 11.xlsx,Raw data,1280,outside_phase2_event_scope,,,UEHEF11379,Imported Facebook recap
tracking_event,TRACKING _ SEASON 11.xlsx,Raw data,1281,outside_phase2_event_scope,,,UEHEF11118,[RECAP TRAINING 03: “TÀI CHÍNH CÁ NHÂN-PERSONAL FINANCE” - 11/1/2026]
tracking_event,TRACKING _ SEASON 11.xlsx,Raw data,1282,outside_phase2_event_scope,,,UEHEM11219,[RECAP TRAINING 03: “TÀI CHÍNH CÁ NHÂN-PERSONAL FINANCE” - 11/1/2026]
tracking_event,TRACKING _ SEASON 11.xlsx,Raw data,1283,outside_phase2_event_scope,,,UEHEF11067,[RECAP TRAINING 03: “TÀI CHÍNH CÁ NHÂN-PERSONAL FINANCE” - 11/1/2026]
tracking_event,TRACKING _ SEASON 11.xlsx,Raw data,1284,outside_phase2_event_scope,,,UEHEF11434,[RECAP TRAINING 03 – TÀI CHÍNH CÁ NHÂN]
tracking_event,TRACKING _ SEASON 11.xlsx,Raw data,1285,outside_phase2_event_scope,,,UEHEM11536,"[RECAP TRAINING: ""PHÂN TÍCH BÁO CÁO TÀI CHÍNH QUA CÁC GÓC NHÌN THỰC TIỄN"" - 10/1/2026]"
tracking_event,TRACKING _ SEASON 11.xlsx,Raw data,1286,outside_phase2_event_scope,,,UEHEM11198,[RECAP TRAINING 03 – MONEY MATTERS: LÀM CHỦ TÀI CHÍNH CÁ NHÂN DÀNH CHO SINH VIÊN]
tracking_event,TRACKING _ SEASON 11.xlsx,Raw data,1287,outside_phase2_event_scope,,,UEHEM11564,Imported Facebook recap
tracking_event,TRACKING _ SEASON 11.xlsx,Raw data,1288,outside_phase2_event_scope,,,UEHEF11086,[RECAP Training Session 3: Tư duy tài chính - Nền tảng của sự thịnh vượng]
tracking_event,TRACKING _ SEASON 11.xlsx,Raw data,1289,outside_phase2_event_scope,,,UEHEF11141,[RECAP TRAINING SESSION 3: “TÀI CHÍNH CÁ NHÂN - PERSONAL FINANCE – 11/01/2026]
tracking_recap,TRACKING _ SEASON 11.xlsx,Raw data,1290,missing_url,,,UEHEM11567,[RECAP BUỔI 3 - 14/01/2026]
tracking_event,TRACKING _ SEASON 11.xlsx,Raw data,1291,outside_phase2_event_scope,,,UEHEM11596,[RECAP **Training session 3: “Tài chính cá nhân - Personal finance**]
tracking_event,TRACKING _ SEASON 11.xlsx,Raw data,1292,outside_phase2_event_scope,,,UEHEF11451,[RECAP **Training session 3: “Tài chính cá nhân - Personal finance**]
tracking_recap,TRACKING _ SEASON 11.xlsx,Raw data,1293,missing_url; missing_mentee_code; missing_meeting_date; no_active_primary_match_for_mentee_code,,,,Imported Facebook recap
tracking_event,TRACKING _ SEASON 11.xlsx,Raw data,1294,outside_phase2_event_scope,,,UEHM11473,Imported Facebook recap
tracking_event,TRACKING _ SEASON 11.xlsx,Raw data,1295,outside_phase2_event_scope,,,UEHEM11122,Imported Facebook recap
tracking_event,TRACKING _ SEASON 11.xlsx,Raw data,1296,outside_phase2_event_scope,,,UEHEM11152,Imported Facebook recap
tracking_event,TRACKING _ SEASON 11.xlsx,Raw data,1297,outside_phase2_event_scope,,,,[RECAP TRAINING 03]
tracking_event,TRACKING _ SEASON 11.xlsx,Raw data,1298,outside_phase2_event_scope,,,,[RECAP TRAINING 03 CHỦ ĐỀ: “TÀI CHÍNH CÁ NHÂN - PERSONAL FINANCE” - 11/01/2026]
tracking_event,TRACKING _ SEASON 11.xlsx,Raw data,1299,outside_phase2_event_scope,,,UEHSF11015,"[RECAP TRAINING: ""PHÂN TÍCH BÁO CÁO TÀI CHÍNH QUA CÁC GÓC NHÌN THỰC TIỄN"" - 10/1/2026]"
tracking_event,TRACKING _ SEASON 11.xlsx,Raw data,1300,outside_phase2_event_scope,,,UEHEM11557,"[RECAP TRAINING: ""PHÂN TÍCH BÁO CÁO TÀI CHÍNH QUA CÁC GÓC NHÌN THỰC TIỄN"" - 10/1/2026]"
tracking_event,TRACKING _ SEASON 11.xlsx,Raw data,1301,outside_phase2_event_scope,,,,[RECAP TRAINING 03 – MONEY MATTERS: MASTERING PERSONAL FINANCE FOR STUDENTS]
tracking_event,TRACKING _ SEASON 11.xlsx,Raw data,1302,outside_phase2_event_scope,,,UEHEF11408,[RECAP TRAINING 03]
tracking_event,TRACKING _ SEASON 11.xlsx,Raw data,1303,outside_phase2_event_scope,,,,[RECAP TRAINING 03 – MONEY MATTERS: MASTERING PERSONAL FINANCE FOR STUDENTS]
tracking_event,TRACKING _ SEASON 11.xlsx,Raw data,1304,outside_phase2_event_scope,,,UEHEM11532,[RECAP TRAINING 3: TÀI CHÍNH CÁ NHÂN - MASTERING PERSONAL FINANCE FOR STUDENTS - 11/01/2026]
tracking_event,TRACKING _ SEASON 11.xlsx,Raw data,1305,outside_phase2_event_scope,,,UEHEM11041,[RECAP TRAINING 03 CHỦ ĐỀ: “TÀI CHÍNH CÁ NHÂN - PERSONAL FINANCE” - 11/01/2026]
tracking_event,TRACKING _ SEASON 11.xlsx,Raw data,1306,outside_phase2_event_scope,,,UEHEF11332,[RECAP TRAINING 03 CHỦ ĐỀ: “TÀI CHÍNH CÁ NHÂN - PERSONAL FINANCE” - 11/01/2026]
tracking_recap,TRACKING _ SEASON 11.xlsx,Raw data,1307,missing_url,,,UEHEM11293,[RECAP BUỔI 2 – 8/1/2026]
tracking_event,TRACKING _ SEASON 11.xlsx,Raw data,1308,outside_phase2_event_scope,,,UEHEF11012,[RECAP TRAINING 03 CHỦ ĐỀ: “TÀI CHÍNH CÁ NHÂN - PERSONAL FINANCE” - 11/01/2026]
tracking_event,TRACKING _ SEASON 11.xlsx,Raw data,1309,outside_phase2_event_scope,,,UEHEF11236,[RECAP TRAINING 03 - 13/01/2026 - PERSONAL FINANCE]
tracking_event,TRACKING _ SEASON 11.xlsx,Raw data,1310,outside_phase2_event_scope,,,UEHEM11536,[RECAP TRAINING 03 CHỦ ĐỀ: “TÀI CHÍNH CÁ NHÂN - PERSONAL FINANCE” - 11/01/2026]
tracking_event,TRACKING _ SEASON 11.xlsx,Raw data,1311,outside_phase2_event_scope,,,UEHEF11409,"[RECAP TRAINING 03: ""TÀI CHÍNH CÁ NHÂN - PERSONAL FINANCE"" - 11/01/2026]"
tracking_event,TRACKING _ SEASON 11.xlsx,Raw data,1312,outside_phase2_event_scope,,,UEHEM11552,[RECAP TRAINING 03 CHỦ ĐỀ: “TÀI CHÍNH CÁ NHÂN - PERSONAL FINANCE” - 11/01/2026]
tracking_event,TRACKING _ SEASON 11.xlsx,Raw data,1313,outside_phase2_event_scope,,,UEHEM11605,[RECAP TRAINING 03:” TÀI CHÍNH CÁ NHÂN – PERSONAL FINANCE – 11/01/2026]
tracking_event,TRACKING _ SEASON 11.xlsx,Raw data,1314,outside_phase2_event_scope,,,UEHEF11389,"[RECAP TRAINING 03: ""TÀI CHÍNH CÁ NHÂN - PERSONAL FINANCE"" - 11/01/2026]"
tracking_recap,TRACKING _ SEASON 11.xlsx,Raw data,1315,missing_url,,,UEHEF11237,[RECAP BUỔI 2 - 13/01/2025]
tracking_event,TRACKING _ SEASON 11.xlsx,Raw data,1316,outside_phase2_event_scope,,,UEHEF11316,[Recap – Training 3 Personal Finance 11/01/26]
tracking_event,TRACKING _ SEASON 11.xlsx,Raw data,1317,outside_phase2_event_scope,,,UEHEM11154,[RECAP BUỔI TRAINING 3 – 11/1/2026]
tracking_recap,TRACKING _ SEASON 11.xlsx,Raw data,1318,missing_url,,,UEHEM11083,[RECAP BUỔI 2 - 13/01/2026]
tracking_event,TRACKING _ SEASON 11.xlsx,Raw data,1319,outside_phase2_event_scope,,,UEHEF11042,"[RECAP TRAINING 03: ""TÀI CHÍNH CÁ NHÂN - PERSONAL FINANCE"" - 11/01/2026]"
tracking_event,TRACKING _ SEASON 11.xlsx,Raw data,1320,outside_phase2_event_scope,,,UEHEM11350,"[RECAP TRAINING 03: ""TÀI CHÍNH CÁ NHÂN - PERSONAL FINANCE"" - 11/01/2026]"
tracking_event,TRACKING _ SEASON 11.xlsx,Raw data,1321,outside_phase2_event_scope,,,UEHEF11429,[RECAP TRAINING SESSION 03: “TÀI CHÍNH CÁ NHÂN - PERSONAL FINANCE” - 11/01/2026]
tracking_recap,TRACKING _ SEASON 11.xlsx,Raw data,1322,missing_url; no_active_primary_match_for_mentee_code,,,UEHEF11119,[RECAP BUỔI 2 – Ngày 11/1/2026]
tracking_event,TRACKING _ SEASON 11.xlsx,Raw data,1323,outside_phase2_event_scope,,,UEHEM11625,"[RECAP TRAINING 03 [""Money Matters: Mastering Personal Finance for Students"" - 11/01/2026]"
tracking_recap,TRACKING _ SEASON 11.xlsx,Raw data,1324,missing_url,,,UEHEM11489,[RECAP MENTORING BUỔI 4 - 13/1/2026]
tracking_event,TRACKING _ SEASON 11.xlsx,Raw data,1325,outside_phase2_event_scope,,,UEHEM11620,[RECAP TRAINING 03: “TÀI CHÍNH CÁ NHÂN – PERSONAL FINANCE” Ngày 11/01/2026]
tracking_event,TRACKING _ SEASON 11.xlsx,Raw data,1326,outside_phase2_event_scope,,,UEHEF11421,"[RECAP TRAINING 3: ****""TÀI CHÍNH CÁ NHÂN - PERSONAL FINANCE""****- 11/01/2025]"
tracking_recap,TRACKING _ SEASON 11.xlsx,Raw data,1327,missing_url,,,UEHEF11363,[RECAP BUỔI 2 - 9/1/2026]
tracking_event,TRACKING _ SEASON 11.xlsx,Raw data,1328,outside_phase2_event_scope,,,UEHEM11418,[RECAP TRAINING 03 (TÀI CHÍNH CÁ NHÂN - PERSONAL FINANCE) - 11/01/2026]
tracking_event,TRACKING _ SEASON 11.xlsx,Raw data,1329,outside_phase2_event_scope,,,UEHEM11481,Imported Facebook recap
tracking_event,TRACKING _ SEASON 11.xlsx,Raw data,1330,outside_phase2_event_scope,,,UEHEM11637,[RECAP BUỔI TRAINING 3 – 11/1/2026]
tracking_event,TRACKING _ SEASON 11.xlsx,Raw data,1331,outside_phase2_event_scope,,,UEHEF11283,[RECAP TRAINING SESSION 03: TÀI CHÍNH CÁ NHÂN - PERSONAL FINANCE_11/1/2026]
tracking_event,TRACKING _ SEASON 11.xlsx,Raw data,1332,outside_phase2_event_scope,,,UEHEF11372,[RECAP TRAINING 03: “TÀI CHÍNH CÁ NHÂN – PERSONAL FINANCE” | 11/01/2026]
tracking_recap,TRACKING _ SEASON 11.xlsx,Raw data,1333,missing_url,,,UEHEM11355,[RECAP BUỔI 4 - 10/01/2026]
tracking_recap,TRACKING _ SEASON 11.xlsx,Raw data,1334,missing_url,,,UEHEF11391,[RECAP BUỔI 3: 9/1/2026]
tracking_event,TRACKING _ SEASON 11.xlsx,Raw data,1335,outside_phase2_event_scope,,,UEHEF11491,"[RECAP TRAINING 03: ""TÀI CHÍNH CÁ NHÂN - PERSONAL FINANCE"" - 11/01/2026]"
tracking_recap,TRACKING _ SEASON 11.xlsx,Raw data,1336,missing_url,,,UEHEF11346,[RECAP BUỔI 2- 08/01/2026]
tracking_recap,TRACKING _ SEASON 11.xlsx,Raw data,1337,missing_url; no_active_primary_match_for_mentee_code,,,UEHEM11510,Imported Facebook recap
tracking_event,TRACKING _ SEASON 11.xlsx,Raw data,1338,outside_phase2_event_scope,,,UEHEF11039,"[RECAP TRAINING: ""PHÂN TÍCH BÁO CÁO TÀI CHÍNH QUA CÁC GÓC NHÌN THỰC TIỄN"" - 10/01/2026]"
tracking_event,TRACKING _ SEASON 11.xlsx,Raw data,1339,outside_phase2_event_scope,,,UEHEM11412,[RECAP TRAINING 03:” TÀI CHÍNH CÁ NHÂN – PERSONAL FINANCE – 11/01/2026]
tracking_recap,TRACKING _ SEASON 11.xlsx,Raw data,1340,missing_url,,,UEHEF11195,[RECAP BUỔI 4 – 10/1/2026]
tracking_event,TRACKING _ SEASON 11.xlsx,Raw data,1341,outside_phase2_event_scope,,,UEHEM11576,[RECAP TRAINING 03: “ TÀI CHÍNH CÁ NHÂN - PERSONAL FINANCE-11/01/2026]
tracking_recap,TRACKING _ SEASON 11.xlsx,Raw data,1342,missing_url,,,UEHEF11091,[RECAP BUỔI 2 - 10/11/2025]
tracking_event,TRACKING _ SEASON 11.xlsx,Raw data,1343,outside_phase2_event_scope,,,UEHEM11202,"[RECAP TRAINING 03: ""TÀI CHÍNH CÁ NHÂN - PERSONAL FINANCE"" - 11/01/2026]"
tracking_recap,TRACKING _ SEASON 11.xlsx,Raw data,1344,missing_url,,,UEHEM11637,[RECAP BUỔI 2 – 9/1/2026]
tracking_event,TRACKING _ SEASON 11.xlsx,Raw data,1345,outside_phase2_event_scope,,,UEHEM11601,"[RECAP TRAINING 03: ""TÀI CHÍNH CÁ NHÂN - PERSONAL FINANCE"" - 11/01/2026]"
tracking_recap,TRACKING _ SEASON 11.xlsx,Raw data,1346,missing_url; cross_mentoring_needs_mentor_review,,,UEHEM11104,[RECAP BUỔI Cross Mentoring - 11/1/2026]
tracking_recap,TRACKING _ SEASON 11.xlsx,Raw data,1347,missing_url; cross_mentoring_needs_mentor_review,,,UEHEF11354,[RECAP BUỔI CROSS MENTORING - 10/01/2026]
tracking_event,TRACKING _ SEASON 11.xlsx,Raw data,1348,outside_phase2_event_scope,,,UEHEF11447,"[RECAP TRAINING 03: ""TÀI CHÍNH CÁ NHÂN - PERSONAL FINANCE"" - 11/01/2026]"
tracking_event,TRACKING _ SEASON 11.xlsx,Raw data,1349,outside_phase2_event_scope,,,UEHEM11531,"[RECAP TRAINING 03: ""TÀI CHÍNH CÁ NHÂN - PERSONAL FINANCE"" - 11/01/2026]"
tracking_recap,TRACKING _ SEASON 11.xlsx,Raw data,1350,recap_type=other/unknown,,,,Imported Facebook recap
tracking_recap,TRACKING _ SEASON 11.xlsx,Raw data,1351,missing_url; missing_mentee_code; no_active_primary_match_for_mentee_code,,,,Imported Facebook recap
tracking_event,TRACKING _ SEASON 11.xlsx,Raw data,1352,outside_phase2_event_scope,,,UEHEF11731,"[RECAP TRAINING 03: ""TÀI CHÍNH CÁ NHÂN - PERSONAL FINANCE"" - 11/01/2026]"
tracking_event,TRACKING _ SEASON 11.xlsx,Raw data,1353,outside_phase2_event_scope,,,UEHEM11641,"[RECAP TRAINING 03: ""TÀI CHÍNH CÁ NHÂN - PERSONAL FINANCE"" - 11/01/2026]"
tracking_event,TRACKING _ SEASON 11.xlsx,Raw data,1354,outside_phase2_event_scope,,,UEHEF11303,"[RECAP TRAINING 03 [""Money Matters: Mastering Personal Finance for Students"" - 11/01/2026]"
tracking_event,TRACKING _ SEASON 11.xlsx,Raw data,1355,outside_phase2_event_scope,,,UEHEF11465,[RECAP TRAINING SESSION 03: “TÀI CHÍNH CÁ NHÂN- PERSONAL FINANCE”- 11/01/2025]
tracking_event,TRACKING _ SEASON 11.xlsx,Raw data,1356,outside_phase2_event_scope,,,UEHEF11139,"[RECAP TRAINING 03 : ""Money Matters: Mastering Personal Finance for Students"" - 11/01/2026]"
tracking_event,TRACKING _ SEASON 11.xlsx,Raw data,1357,outside_phase2_event_scope,,,UEHEF11139,"[RECAP TRAINING : ""PHÂN TÍCH BÁO CÁO TÀI CHÍNH QUA CÁC GÓC NHÌN THỰC TIỄN"" - 10/01/2026]"
tracking_event,TRACKING _ SEASON 11.xlsx,Raw data,1358,outside_phase2_event_scope,,,UEHEF11399,[RECAP TRAINING 03 CHỦ ĐỀ: “TÀI CHÍNH CÁ NHÂN - PERSONAL FINANCE” - 11/01/2026]
tracking_event,TRACKING _ SEASON 11.xlsx,Raw data,1359,outside_phase2_event_scope,,,UEHEM11210,"[RECAP TRAINING SESSION 03: “TÀI CHÍNH CÁ NHÂN - PERSONAL FINANCE"" - 11/01/2025]"
tracking_event,TRACKING _ SEASON 11.xlsx,Raw data,1360,outside_phase2_event_scope,,,UEHEF11370,[RECAP TRAINING 03 (**Tài chính cá nhân)**]
tracking_event,TRACKING _ SEASON 11.xlsx,Raw data,1361,outside_phase2_event_scope,,,UEHEF11304,"[RECAP TRAINING SESSION 03: “TÀI CHÍNH CÁ NHÂN - PERSONAL FINANCE"" - 11/01/2025]"
tracking_event,TRACKING _ SEASON 11.xlsx,Raw data,1362,outside_phase2_event_scope,,,UEHEF11445,[RECAP TRAINING 03 CHỦ ĐỀ: “TÀI CHÍNH CÁ NHÂN - PERSONAL FINANCE” - 11/01/2026]
tracking_event,TRACKING _ SEASON 11.xlsx,Raw data,1363,outside_phase2_event_scope,,,UEHEF11388,Imported Facebook recap
tracking_event,TRACKING _ SEASON 11.xlsx,Raw data,1364,outside_phase2_event_scope,,,UEHEF11476,Imported Facebook recap
tracking_recap,TRACKING _ SEASON 11.xlsx,Raw data,1365,missing_url,,,UEHEF11476,[RECAP BUỔI 3 - 9/1/2026]
tracking_event,TRACKING _ SEASON 11.xlsx,Raw data,1366,outside_phase2_event_scope,,,UEHEF11066,[RECAP TRAINING 03 CHỦ ĐỀ: “TÀI CHÍNH CÁ NHÂN - PERSONAL FINANCE” - 11/01/2025]
tracking_event,TRACKING _ SEASON 11.xlsx,Raw data,1367,outside_phase2_event_scope,,,UEHEM11170,[RECAP TRAINING SESSION 03 - “TÀI CHÍNH CÁ NHÂN - PERSONAL FINANCE” - 11/01/2026]
tracking_recap,TRACKING _ SEASON 11.xlsx,Raw data,1368,missing_url; no_active_primary_match_for_mentee_code,,,UEHEM1199,[RECAP BUỔI 3 – 08/01/2025]
tracking_recap,TRACKING _ SEASON 11.xlsx,Raw data,1369,missing_url,,,UEHEF11370,[RECAP BUỔI 2 - 10/1/2026]
tracking_recap,TRACKING _ SEASON 11.xlsx,Raw data,1370,missing_url,,,UEHEF11316,[Recap buổi 2 - 26/12/2025]
tracking_recap,TRACKING _ SEASON 11.xlsx,Raw data,1371,missing_url,,,UEHEF11447,[RECAP BUỔI 3 - 09/01/2026]
tracking_recap,TRACKING _ SEASON 11.xlsx,Raw data,1372,missing_url,,,UEHEF11093,[RECAP BUỔI 3 - 08/01/2026]
tracking_recap,TRACKING _ SEASON 11.xlsx,Raw data,1373,missing_url,,,UEHEM11094,[RECAP BUỔI 3 - 7/1/2026]
tracking_recap,TRACKING _ SEASON 11.xlsx,Raw data,1374,missing_url,,,UEHEF11023,[RECAP BUỔI 2 - 10/01/2026]
tracking_recap,TRACKING _ SEASON 11.xlsx,Raw data,1375,missing_url,,,UEHEF11303,[RECAP BUỔI 3 - 10/1/2026]
tracking_recap,TRACKING _ SEASON 11.xlsx,Raw data,1376,missing_url,,,UEHEM11102,[RECAP BUỔI 2 - 8/1/2026]
tracking_recap,TRACKING _ SEASON 11.xlsx,Raw data,1377,missing_url; no_active_primary_match_for_mentee_code,,,UEHEF1103,[RECAP BUỔI 2 - 2/1/2025]
tracking_recap,TRACKING _ SEASON 11.xlsx,Raw data,1378,missing_url,,,UEHEF11265,[RECAP BUỔI 2 - 8/1/2026]
tracking_recap,TRACKING _ SEASON 11.xlsx,Raw data,1379,missing_url,,,UEHEM11578,[RECAP BUỔI 3 - 08/01/2025]
tracking_recap,TRACKING _ SEASON 11.xlsx,Raw data,1380,missing_url,,,UEHEF11436,[RECAP BUỔI 2 - 31/12/2025]
tracking_recap,TRACKING _ SEASON 11.xlsx,Raw data,1381,missing_url; missing_meeting_date,,,UEHEM11212,[RECAP BUỔI 2 - 4/11]
tracking_recap,TRACKING _ SEASON 11.xlsx,Raw data,1382,missing_url; missing_meeting_date,,,UEHEM11212,[RECAP BUỔI 1 - 16/11]
tracking_recap,TRACKING _ SEASON 11.xlsx,Raw data,1383,missing_url,,,UEHEF11233,[RECAP BUỔI 01 - 13/11/2025]
tracking_recap,TRACKING _ SEASON 11.xlsx,Raw data,1384,missing_url,,,UEHEF11263,[RECAP BUỔI 2 - 07/01/2026]
tracking_recap,TRACKING _ SEASON 11.xlsx,Raw data,1385,missing_url,,,UEHEF11384,[RECAP BUỔI 2 – 30/12/2025]
tracking_recap,TRACKING _ SEASON 11.xlsx,Raw data,1386,missing_url,,,UEHEF11377,[RECAP MENTORING BUỔI 2 - 03/01/2026]
tracking_recap,TRACKING _ SEASON 11.xlsx,Raw data,1387,missing_url,,,UEHEF11109,[RECAP BUỔI 2 - 30/12/2025]
tracking_recap,TRACKING _ SEASON 11.xlsx,Raw data,1388,recap_type=other/unknown,,,,Imported Facebook recap
tracking_recap,TRACKING _ SEASON 11.xlsx,Raw data,1389,missing_url,,,UEHEM11525,[RECAP BUỔI 3 - 6/1/2025]
tracking_recap,TRACKING _ SEASON 11.xlsx,Raw data,1390,missing_url,,,UEHEF11376,[RECAP BUỔI 2 – 06/01/2026]
tracking_recap,TRACKING _ SEASON 11.xlsx,Raw data,1391,missing_url,,,UEHEM11038,[RECAP BUỔI 2 - 2/1/2026]
tracking_recap,TRACKING _ SEASON 11.xlsx,Raw data,1392,missing_url,,,UEHEF11143,[RECAP BUỔI 2 – 03/01/2026]
tracking_recap,TRACKING _ SEASON 11.xlsx,Raw data,1393,missing_url,,,UEHEF11052,[RECAP BUỔI 3 -3/1/2026]
tracking_recap,TRACKING _ SEASON 11.xlsx,Raw data,1394,missing_url,,,UEHEF11487,[RECAP BUỔI 2 - 05/01/2025]
tracking_recap,TRACKING _ SEASON 11.xlsx,Raw data,1395,missing_url,,,UEHEF11220,[RECAP BUỔI 02 - 03/01/2026]
tracking_recap,TRACKING _ SEASON 11.xlsx,Raw data,1396,missing_url; missing_mentee_code; no_active_primary_match_for_mentee_code,,,,[Recap 2/1/2025]
tracking_recap,TRACKING _ SEASON 11.xlsx,Raw data,1397,missing_url,,,UEHEF11114,Imported Facebook recap
tracking_recap,TRACKING _ SEASON 11.xlsx,Raw data,1398,missing_url,,,UEHEF11238,[RECAP BUỔI 2 - 04/01/2026]
tracking_recap,TRACKING _ SEASON 11.xlsx,Raw data,1399,missing_url,,,UEHEM11483,[RECAP BUỔI 2 - 02/01/2026]
tracking_recap,TRACKING _ SEASON 11.xlsx,Raw data,1400,missing_url; cross_mentoring_needs_mentor_review,,,UEHEF11250,[RECAP BUỔI 4 – 18/12/2025]
tracking_recap,TRACKING _ SEASON 11.xlsx,Raw data,1401,missing_url,,,UEHEM11626,[Recap buổi 2 - 3/1/2025]
tracking_recap,TRACKING _ SEASON 11.xlsx,Raw data,1402,missing_url,,,UEHEM11210,[RECAP BUỔI 2 - 2/1/2026]
tracking_recap,TRACKING _ SEASON 11.xlsx,Raw data,1403,missing_url,,,UEHEM11559,[RECAP BUỔI 2- 30/12/2025]
tracking_recap,TRACKING _ SEASON 11.xlsx,Raw data,1404,missing_url,,,UEHEF11454,[RECAP BUỔI 3 - 3/1/2026]
tracking_recap,TRACKING _ SEASON 11.xlsx,Raw data,1405,missing_url,,,UEHEM11609,[RECAP BUỔI 2 - 30/12/2025]
tracking_recap,TRACKING _ SEASON 11.xlsx,Raw data,1406,missing_url,,,UEHEM11170,[RECAP BUỔI 3 - 3/1/2026]
tracking_recap,TRACKING _ SEASON 11.xlsx,Raw data,1407,missing_url,,,UEHEF11354,[RECAP BUỔI GẶP MENTOR **-** 03/01/2026]
tracking_recap,TRACKING _ SEASON 11.xlsx,Raw data,1408,missing_url,,,UEHEM11521,[RECAP BUỔI 2 - 3/1/2026]
tracking_recap,TRACKING _ SEASON 11.xlsx,Raw data,1409,missing_url,,,UEHEM11440,[RECAP BUỔI 2 - 31/12/2025]
tracking_recap,TRACKING _ SEASON 11.xlsx,Raw data,1410,missing_url,,,UEHEM11014,[RECAP BUỔI 2 - 30/12/2025]
tracking_recap,TRACKING _ SEASON 11.xlsx,Raw data,1411,missing_url,,,UEHEM11564,[RECAP BUỔI 2 - 20/12/2025]
tracking_recap,TRACKING _ SEASON 11.xlsx,Raw data,1412,missing_url,,,UEHEF11040,[RECAP BUỔI 2 - 17/12/2025]
tracking_recap,TRACKING _ SEASON 11.xlsx,Raw data,1413,missing_url,,,UEHEM11194,[RECAP BUỔI 02 - 29/12/2025]
tracking_recap,TRACKING _ SEASON 11.xlsx,Raw data,1414,missing_url; missing_meeting_date,,,UEHEM11164,[RECAP BUỔI 1 - 07/12]
tracking_recap,TRACKING _ SEASON 11.xlsx,Raw data,1415,missing_url,,,UEHEM11351,[RECAP BUỔI 02 - 14/12/2025]
tracking_recap,TRACKING _ SEASON 11.xlsx,Raw data,1416,missing_url; no_active_primary_match_for_mentee_code,,,UEHEM11611,[RECAP BUỔI 3 - 31/12/2025]
tracking_recap,TRACKING _ SEASON 11.xlsx,Raw data,1417,missing_url,,,UEHEF11311,[RECAP BUỔI 2 - 01/01/2025]
tracking_recap,TRACKING _ SEASON 11.xlsx,Raw data,1418,missing_url,,,UEHEM11549,[RECAP BUỔI 2 - 30/12/2025]
tracking_recap,TRACKING _ SEASON 11.xlsx,Raw data,1435,cross_mentoring_needs_mentor_review,,,UEHEF11023,https://www.facebook.com/groups/210657489350109/permalink/2477120699370432/
tracking_recap,TRACKING _ SEASON 11.xlsx,Raw data,1441,missing_meeting_date,,,UEHEF11229,https://www.facebook.com/groups/210657489350109/permalink/2476998712715964/
tracking_recap,TRACKING _ SEASON 11.xlsx,Raw data,1442,missing_meeting_date,,,UEHEF11226,https://www.facebook.com/groups/210657489350109/permalink/2476937219388780/
tracking_recap,TRACKING _ SEASON 11.xlsx,Raw data,1443,missing_meeting_date,,,UEHEM11013,https://www.facebook.com/groups/210657489350109/permalink/2476925659389936/
tracking_recap,TRACKING _ SEASON 11.xlsx,Raw data,1444,no_active_primary_match_for_mentee_code,,,UEHM11473,https://www.facebook.com/groups/210657489350109/permalink/2476909596058209/
tracking_recap,TRACKING _ SEASON 11.xlsx,Raw data,1472,missing_meeting_date,,,UEHEM11441,https://www.facebook.com/groups/210657489350109/permalink/2473061136443055/
tracking_recap,TRACKING _ SEASON 11.xlsx,Raw data,1475,cross_mentoring_needs_mentor_review,,,UEHEF11250,https://www.facebook.com/groups/210657489350109/permalink/2471087043307131/
tracking_recap,TRACKING _ SEASON 11.xlsx,Raw data,1477,missing_meeting_date; no_active_primary_match_for_mentee_code,,,UEHSF11011,https://www.facebook.com/groups/210657489350109/permalink/2465601240522378/
tracking_recap,TRACKING _ SEASON 11.xlsx,Raw data,1479,cross_mentoring_needs_mentor_review,,,UEHEF11205,https://www.facebook.com/groups/210657489350109/permalink/2465327033883132/
tracking_recap,TRACKING _ SEASON 11.xlsx,Raw data,1498,missing_meeting_date,,,UEHEM11019,https://www.facebook.com/groups/210657489350109/permalink/2457182471364255/
tracking_event,TRACKING _ SEASON 11.xlsx,Raw data,1503,outside_phase2_event_scope,,,UEHEF11336,https://www.facebook.com/groups/210657489350109/permalink/2456463338102835/
tracking_event,TRACKING _ SEASON 11.xlsx,Raw data,1506,outside_phase2_event_scope,,,UEHEF11236,https://www.facebook.com/groups/210657489350109/permalink/2456165588132610/
tracking_event,TRACKING _ SEASON 11.xlsx,Raw data,1507,outside_phase2_event_scope,,,UEHEM11641,https://www.facebook.com/groups/210657489350109/permalink/2456124074803428/
tracking_event,TRACKING _ SEASON 11.xlsx,Raw data,1510,outside_phase2_event_scope,,,UEHEF11012,https://www.facebook.com/groups/210657489350109/permalink/2455795574836278/
tracking_event,TRACKING _ SEASON 11.xlsx,Raw data,1511,outside_phase2_event_scope,,,UEHEF11367,https://www.facebook.com/groups/210657489350109/permalink/2455773741505128/
tracking_event,TRACKING _ SEASON 11.xlsx,Raw data,1514,outside_phase2_event_scope,,,UEHEF11119,https://www.facebook.com/groups/210657489350109/permalink/2454809058268263/
tracking_event,TRACKING _ SEASON 11.xlsx,Raw data,1517,outside_phase2_event_scope,,,,https://www.facebook.com/groups/210657489350109/permalink/2454614564954379/
tracking_event,TRACKING _ SEASON 11.xlsx,Raw data,1518,outside_phase2_event_scope,,,UEHEM11084,https://www.facebook.com/groups/210657489350109/permalink/2454555908293578/
tracking_recap,TRACKING _ SEASON 11.xlsx,Raw data,1524,missing_meeting_date,,,UEHEF11309,https://www.facebook.com/groups/210657489350109/permalink/2452947638454405/
tracking_event,TRACKING _ SEASON 11.xlsx,Raw data,1525,outside_phase2_event_scope,,,UEHEF11306,https://www.facebook.com/groups/210657489350109/permalink/2452882285127607/
tracking_recap,TRACKING _ SEASON 11.xlsx,Raw data,1540,cross_mentoring_needs_mentor_review,,,UEHEM11219,https://www.facebook.com/groups/210657489350109/permalink/2451946898554479/
tracking_recap,TRACKING _ SEASON 11.xlsx,Raw data,1545,no_active_primary_match_for_mentee_code,,,UEHEF1189,https://www.facebook.com/groups/210657489350109/permalink/2451397181942784/
tracking_recap,TRACKING _ SEASON 11.xlsx,Raw data,1547,missing_meeting_date,,,UEHEF11316,https://www.facebook.com/groups/210657489350109/permalink/2451351411947361/
tracking_recap,TRACKING _ SEASON 11.xlsx,Raw data,1548,no_active_primary_match_for_mentee_code,,,UEHEM11623,https://www.facebook.com/groups/210657489350109/permalink/2451314801951022/
tracking_recap,TRACKING _ SEASON 11.xlsx,Raw data,1549,missing_meeting_date; no_active_primary_match_for_mentee_code,,,UEHSF11008,https://www.facebook.com/groups/210657489350109/permalink/2451286611953841/
tracking_recap,TRACKING _ SEASON 11.xlsx,Raw data,1557,missing_url,,,UEHSF11005,[RECAP BUỔI GẶP MẶT SỐ 05 - 31/03/2026]
tracking_recap,TRACKING _ SEASON 11.xlsx,Raw data,1558,missing_url; no_active_primary_match_for_mentee_code,,,UEHEF1106,Imported Facebook recap
tracking_recap,TRACKING _ SEASON 11.xlsx,Raw data,1559,missing_url,,,UEHEF11434,[RECAP BUỔI 2 - 23/03/2026]
tracking_event,TRACKING _ SEASON 11.xlsx,Raw data,1560,outside_phase2_event_scope,,,UEHEM11349,"[RECAP TRAINING 06: ""STORYTELLING - TELL IT YOUR WAY"" - 25/03/2026]"
tracking_recap,TRACKING _ SEASON 11.xlsx,Raw data,1561,missing_url,,,UEHEF11314,[RECAP BUỔI 04 - 26/03/2026]
tracking_recap,TRACKING _ SEASON 11.xlsx,Raw data,1562,missing_url,,,UEHEM11428,[RECAP BUỔI 3 - 30/03/2026]
tracking_recap,TRACKING _ SEASON 11.xlsx,Raw data,1563,missing_url,,,UEHEM11081,[RECAP BUỔI 3 - 10/03/2026]
tracking_recap,TRACKING _ SEASON 11.xlsx,Raw data,1564,missing_url; missing_meeting_date; no_active_primary_match_for_mentee_code,,,UEHF11130,Imported Facebook recap
tracking_recap,TRACKING _ SEASON 11.xlsx,Raw data,1565,missing_url,,,UEHEF11246,[RECAP BUỔI 26/03/2026]
tracking_recap,TRACKING _ SEASON 11.xlsx,Raw data,1566,missing_url,,,UEHEF11340,[RECAP BUỔI 4 - 29/03/2026]
tracking_recap,TRACKING _ SEASON 11.xlsx,Raw data,1567,missing_url,,,UEHEF11374,[RECAP BUỔI 04 – 28/03/2026]
tracking_recap,TRACKING _ SEASON 11.xlsx,Raw data,1568,missing_url,,,UEHEF11488,[RECAP BUỔI 4 - 31/03/2026]
tracking_recap,TRACKING _ SEASON 11.xlsx,Raw data,1569,missing_url,,,UEHEM11605,[RECAP BUỔI 5 - 31/03/2026]
tracking_recap,TRACKING _ SEASON 11.xlsx,Raw data,1570,missing_url; missing_meeting_date,,,UEHEF11226,[Recap buổi 3 [#UEHEF11226]
tracking_recap,TRACKING _ SEASON 11.xlsx,Raw data,1571,missing_url,,,UEHEF11270,Imported Facebook recap
tracking_recap,TRACKING _ SEASON 11.xlsx,Raw data,1572,missing_url,,,UEHEF11382,[RECAP BUỔI 4 - 26/03/2026]
tracking_recap,TRACKING _ SEASON 11.xlsx,Raw data,1573,missing_url,,,UEHEM11621,[RECAP BUỔI 5 - 29/3/2025]
tracking_recap,TRACKING _ SEASON 11.xlsx,Raw data,1574,missing_url,,,UEHEF11043,[RECAP BUỔI 4 - 30/03/2026]
tracking_recap,TRACKING _ SEASON 11.xlsx,Raw data,1575,missing_url,,,UEHEF11464,[RECAP BUỔI 4 - 31/03/2026]
tracking_recap,TRACKING _ SEASON 11.xlsx,Raw data,1576,missing_url; cross_mentoring_needs_mentor_review,,,UEHEM11104,[RECAP BUỔI Cross Mentoring - 11/3/2026]
tracking_recap,TRACKING _ SEASON 11.xlsx,Raw data,1577,missing_url,,,UEHEM11590,[RECAP BUỔI 4 - 31/3/2026]
tracking_recap,TRACKING _ SEASON 11.xlsx,Raw data,1578,missing_url,,,UEHEF11431,[RECAP BUỔI 3 - 25/3/2026]
tracking_recap,TRACKING _ SEASON 11.xlsx,Raw data,1579,missing_url; missing_meeting_date,,,UEHEM11562,[RECAP BUỔI 4 - 29/03]
tracking_recap,TRACKING _ SEASON 11.xlsx,Raw data,1580,missing_url,,,UEHEM11603,[RECAP BUỔI 03 - 14/03/2026]
tracking_recap,TRACKING _ SEASON 11.xlsx,Raw data,1581,missing_url,,,UEHEF11065,[RECAP BUỔI 3 - 04/3/2026]
tracking_recap,TRACKING _ SEASON 11.xlsx,Raw data,1582,missing_url,,,UEHEM11643,Imported Facebook recap
tracking_event,TRACKING _ SEASON 11.xlsx,Raw data,1583,outside_phase2_event_scope,,,UEHEM11537,[RECAP TRAINING 06 – STORYTELLING: TELLING IT YOUR WAY]
tracking_event,TRACKING _ SEASON 11.xlsx,Raw data,1584,outside_phase2_event_scope,,,UEHEF11492,[RECAP TRAINING 06: STORYTELLING – TELL IT YOUR WAY | 25/03/2026]
tracking_recap,TRACKING _ SEASON 11.xlsx,Raw data,1585,missing_url; cross_mentoring_needs_mentor_review,,,UEHEF11390,[RECAP BUỔI 4 - 19/03/2026]
tracking_recap,TRACKING _ SEASON 11.xlsx,Raw data,1586,missing_url; missing_meeting_date,,,UEHEM11025,[RECAP BUỔI 6 - 30/03]
tracking_recap,TRACKING _ SEASON 11.xlsx,Raw data,1587,missing_url,,,UEHEM11559,[RECAP BUỔI 5]
tracking_recap,TRACKING _ SEASON 11.xlsx,Raw data,1588,missing_url; missing_meeting_date,,,UEHEM11566,Imported Facebook recap
tracking_event,TRACKING _ SEASON 11.xlsx,Raw data,1589,outside_phase2_event_scope,,,UEHEF11018,"[RECAP TRAINING 06: ""STORYTELLING - TELL IT YOUR WAY"" - 25/03/2026]"
tracking_recap,TRACKING _ SEASON 11.xlsx,Raw data,1590,missing_url; missing_meeting_date,,,UEHEF11446,[RECAP BUỔI 3 – 29- 03- 2026]
tracking_recap,TRACKING _ SEASON 11.xlsx,Raw data,1591,missing_url,,,UEHEM11553,[RECAP BUỔI 3 – 29/03/2026]
tracking_recap,TRACKING _ SEASON 11.xlsx,Raw data,1592,missing_url,,,UEHEF11310,[RECAP BUỔI 3 - 21/03/2026]
tracking_event,TRACKING _ SEASON 11.xlsx,Raw data,1593,outside_phase2_event_scope,,,UEHEF11256,"[RECAP TRAINING 06: ""STORYTELLING - TELL IT YOUR WAY"" - 25/03/2026]"
tracking_recap,TRACKING _ SEASON 11.xlsx,Raw data,1594,missing_url,,,UEHEF11352,[RECAP BUỔI 04 - 30/03/2026]
tracking_recap,TRACKING _ SEASON 11.xlsx,Raw data,1595,missing_url,,,UEHEF11057,[RECAP BUỔI 30/03/2026]
tracking_recap,TRACKING _ SEASON 11.xlsx,Raw data,1596,missing_url; no_active_primary_match_for_mentee_code,,,UEHEM11073,Imported Facebook recap
tracking_recap,TRACKING _ SEASON 11.xlsx,Raw data,1597,missing_url,,,UEHEM11551,[RECAP BUỔI 4 | 30/03/2026]
tracking_recap,TRACKING _ SEASON 11.xlsx,Raw data,1598,missing_url,,,UEHEM11183,[RECAP BUỔI 3 - 29/03/2026]
tracking_event,TRACKING _ SEASON 11.xlsx,Raw data,1599,outside_phase2_event_scope,,,UEHEM11293,[RECAP TRAINING 6 CV STORYTELLING - 25/3/2026]
tracking_recap,TRACKING _ SEASON 11.xlsx,Raw data,1600,missing_url,,,UEHEF11108,[RECAP BUỔI 3 - 30/3/2026]
tracking_recap,TRACKING _ SEASON 11.xlsx,Raw data,1601,missing_url,,,UEHEF11238,[RECAP BUỔI 4 - 30/03/2026]
tracking_recap,TRACKING _ SEASON 11.xlsx,Raw data,1602,missing_url; no_active_primary_match_for_mentee_code,,,UEHEM11073,[Recap buổi 2: 10/3/2026]
tracking_recap,TRACKING _ SEASON 11.xlsx,Raw data,1603,missing_url,,,UEHEM11591,[RECAP BUỔI 4 - 29/03/2026]
tracking_recap,TRACKING _ SEASON 11.xlsx,Raw data,1604,missing_url,,,UEHEF11145,[RECAP BUỔI 4– 30/3/2026]
tracking_recap,TRACKING _ SEASON 11.xlsx,Raw data,1605,missing_url,,,UEHEF11354,[RECAP BUỔI MENTORING - 27/03/2026]
tracking_recap,TRACKING _ SEASON 11.xlsx,Raw data,1606,missing_url; cross_mentoring_needs_mentor_review,,,UEHEM11469,[RECAP BUỔI 5 - 29/03/2026]
tracking_recap,TRACKING _ SEASON 11.xlsx,Raw data,1607,missing_url,,,UEHEF11001,[RECAP BUỔI 4 - 30/3/2026]
tracking_recap,TRACKING _ SEASON 11.xlsx,Raw data,1608,missing_url,,,UEHEM11589,[RECAP BUỔI 4 - 01/3/2026]
tracking_recap,TRACKING _ SEASON 11.xlsx,Raw data,1609,missing_url,,,UEHEF11303,[RECAP BUỔI 5 - 29/3/2026]
tracking_recap,TRACKING _ SEASON 11.xlsx,Raw data,1610,missing_url,,,UEHEF11280,[RECAP BUỔI 4 - 15/03/2026]
tracking_event,TRACKING _ SEASON 11.xlsx,Raw data,1611,outside_phase2_event_scope,,,UEHEF11372,[RECAP TRAINING SESSION 2 - 29/03/2026]
tracking_recap,TRACKING _ SEASON 11.xlsx,Raw data,1612,missing_url,,,UEHEM11038,[RECAP BUỔI 4 - 29/03/2026]
tracking_recap,TRACKING _ SEASON 11.xlsx,Raw data,1613,missing_url,,,UEHEM11165,[RECAP BUỔI 5 - 30/03/2026]
tracking_recap,TRACKING _ SEASON 11.xlsx,Raw data,1614,missing_url,,,UEHEM11610,[RECAP BUỔI 3 - 28/03/2026]
tracking_recap,TRACKING _ SEASON 11.xlsx,Raw data,1615,missing_url,,,UEHEM11612,[RECAP BUỔI 5 - 29/3/2026]
tracking_recap,TRACKING _ SEASON 11.xlsx,Raw data,1616,missing_url,,,UEHEM11361,[RECAP BUỔI 4 - 30/3/2026]
tracking_recap,TRACKING _ SEASON 11.xlsx,Raw data,1617,missing_url; missing_mentee_code; no_active_primary_match_for_mentee_code,,,,[RECAP BUỔI 3 - 27/03/2026]
tracking_recap,TRACKING _ SEASON 11.xlsx,Raw data,1618,missing_url; cross_mentoring_needs_mentor_review,,,UEHEM11219,[RECAP BUỔI 02 - 28/03/2026]
tracking_recap,TRACKING _ SEASON 11.xlsx,Raw data,1619,missing_url,,,UEHEM11525,[RECAP BUỔI 5 - 30/3/2026]
tracking_recap,TRACKING _ SEASON 11.xlsx,Raw data,1620,missing_url,,,UEHEF11343,[RECAP BUỔI 4 - 26/3/2026]
tracking_recap,TRACKING _ SEASON 11.xlsx,Raw data,1621,missing_url,,,UEHEM11569,[RECAP BUỔI 04 - 29/03/2026]
tracking_recap,TRACKING _ SEASON 11.xlsx,Raw data,1622,missing_url,,,UEHEF11283,[RECAP BUỔI 4 - 29/03/2026]
tracking_recap,TRACKING _ SEASON 11.xlsx,Raw data,1623,missing_url,,,UEHEF11004,[RECAP BUỔI 3 - 15/03/2025]
tracking_recap,TRACKING _ SEASON 11.xlsx,Raw data,1624,missing_url,,,UEHEM11045,Imported Facebook recap
tracking_recap,TRACKING _ SEASON 11.xlsx,Raw data,1625,missing_url,,,UEHEM11186,[RECAP BUỔI 03 - 29/03/2026]
tracking_recap,TRACKING _ SEASON 11.xlsx,Raw data,1626,missing_url; no_active_primary_match_for_mentee_code,,,UEHEF11119,[RECAP BUỔI 3 – Ngày 29/3/2026]
tracking_recap,TRACKING _ SEASON 11.xlsx,Raw data,1627,missing_url; no_active_primary_match_for_mentee_code,,,UEHEM11528,[RECAP BUỔI 3 - 29/03/2026]
tracking_event,TRACKING _ SEASON 11.xlsx,Raw data,1628,outside_phase2_event_scope,,,UEHEF11367,[RECAP TRAINING SESSION 06: “StoryTelling: Tell it your way” - 25/03/2026]
tracking_recap,TRACKING _ SEASON 11.xlsx,Raw data,1629,missing_url; missing_meeting_date,,,UEHEF11391,Imported Facebook recap
tracking_recap,TRACKING _ SEASON 11.xlsx,Raw data,1630,missing_url,,,UEHEF11367,[RECAP BUỔI 5 - 22/03/2026]
tracking_recap,TRACKING _ SEASON 11.xlsx,Raw data,1631,missing_url; missing_meeting_date,,,UEHEF11285,[Recap buổi 3 - 29/3]
tracking_recap,TRACKING _ SEASON 11.xlsx,Raw data,1632,missing_url,,,UEHEM11515,[RECAP BUỔI 3 - 26/03/2026]
tracking_event,TRACKING _ SEASON 11.xlsx,Raw data,1633,outside_phase2_event_scope,,,UEHEM11602,[RECAP TRAINING SESSION 06: “StoryTelling: Tell it your way” - 25/03/2026]
tracking_recap,TRACKING _ SEASON 11.xlsx,Raw data,1634,missing_url,,,UEHEF11118,[RECAP BUỔI 3 - 28/3/2025]
tracking_recap,TRACKING _ SEASON 11.xlsx,Raw data,1635,missing_url,,,UEHEM11170,[RECAP BUỔI 5 - 27/03/2026]
tracking_recap,TRACKING _ SEASON 11.xlsx,Raw data,1636,missing_url,,,UEHEM11097,[RECAP BUỔI 5 - 28/03/2026]
tracking_event,TRACKING _ SEASON 11.xlsx,Raw data,1637,outside_phase2_event_scope,,,UEHEM11350,[RECAP TRAINING SESSION 06: “StoryTelling: Tell it your way” - 25/03/2026]
tracking_recap,TRACKING _ SEASON 11.xlsx,Raw data,1638,missing_url,,,UEHEM11324,[RECAP BUỔI 5 – 28/3/2026]
tracking_recap,TRACKING _ SEASON 11.xlsx,Raw data,1639,missing_url,,,UEHEM11084,[RECAP BUỔI 5 - 22/03/2026]
tracking_recap,TRACKING _ SEASON 11.xlsx,Raw data,1640,missing_url; cross_mentoring_needs_mentor_review,,,UEHEF11067,[RECAP BUỔI 03 - 28/03/2026]
tracking_recap,TRACKING _ SEASON 11.xlsx,Raw data,1641,missing_url,,,UEHEF11107,[RECAP MENTORING BUỔI 5 - 22/03/2025]
tracking_recap,TRACKING _ SEASON 11.xlsx,Raw data,1642,missing_url,,,UEHEM11582,[RECAP BUỔI 3 - 28/03/2026]
tracking_event,TRACKING _ SEASON 11.xlsx,Raw data,1643,outside_phase2_event_scope,,,,[RECAP TRAINING SESSION 6 - STORYTELLING - 25/03/2026]
tracking_recap,TRACKING _ SEASON 11.xlsx,Raw data,1644,missing_url; missing_meeting_date,,,UEHEF11229,[RECAP BUỔI 5]
tracking_event,TRACKING _ SEASON 11.xlsx,Raw data,1645,outside_phase2_event_scope,,,UEHEF11306,[RECAP TRAINING SESSION 06: “StoryTelling: Tell it your way” - 25/03/2026]
tracking_event,TRACKING _ SEASON 11.xlsx,Raw data,1646,outside_phase2_event_scope,,,UEHEF11452,"[RECAP TRAINING SESSION 06: ""STORY TELLING- TELL IT YOUR WAY""- 25/03/2026]"
tracking_recap,TRACKING _ SEASON 11.xlsx,Raw data,1647,missing_url,,,UEHEF11371,[RECAP BUỔI 2– 28/3/2026]
tracking_event,TRACKING _ SEASON 11.xlsx,Raw data,1648,outside_phase2_event_scope,,,UEHEM11582,"[RECAP TRAINING SESSION 06: ""STORYTELLING – TELL IT YOUR WAY""]"
tracking_event,TRACKING _ SEASON 11.xlsx,Raw data,1649,outside_phase2_event_scope,,,UEHEM11554,[RECAP TRAINING SESSION 6: STORYTELLING - TELL IT YOUR WAY]
tracking_event,TRACKING _ SEASON 11.xlsx,Raw data,1650,outside_phase2_event_scope,,,UEHEF11267,[RECAP TRAINING 06 – STORYTELLING: TELLING IT YOUR WAY]
tracking_recap,TRACKING _ SEASON 11.xlsx,Raw data,1651,missing_url,,,UEHEF11179,Imported Facebook recap
tracking_event,TRACKING _ SEASON 11.xlsx,Raw data,1652,outside_phase2_event_scope,,,UEHEF11037,[RECAP TRAINNING SESSION 06: STRORY TELLING - TELLING IT YOUR WAY]
tracking_recap,TRACKING _ SEASON 11.xlsx,Raw data,1653,missing_url; missing_meeting_date,,,UEHEF11236,[RECAP 5 - 28/03/ 2026]
tracking_recap,TRACKING _ SEASON 11.xlsx,Raw data,1654,missing_url,,,UEHEF11096,[RECAP Buổi 2 - 27/3/2025]
tracking_event,TRACKING _ SEASON 11.xlsx,Raw data,1655,outside_phase2_event_scope,,,UEHEF11139,[RECAP TRAINING SESSION 06: “StoryTelling: Tell it your way” - 25/03/2026]
tracking_event,TRACKING _ SEASON 11.xlsx,Raw data,1656,outside_phase2_event_scope,,,UEHEF11476,Imported Facebook recap
tracking_recap,TRACKING _ SEASON 11.xlsx,Raw data,1657,missing_url,,,UEHEF11064,[RECAP BUỔI 4 - 23/3/2026]
tracking_recap,TRACKING _ SEASON 11.xlsx,Raw data,1658,missing_url; cross_mentoring_needs_mentor_review,,,UEHEF11151,[RECAP BUỔI CROSS MENTORING - 11/3/2026]
tracking_recap,TRACKING _ SEASON 11.xlsx,Raw data,1659,missing_url,,,UEHEM11564,[RECAP MENTOR BUỔI 5 - 28/3/2026]
tracking_recap,TRACKING _ SEASON 11.xlsx,Raw data,1660,missing_url,,,UEHEM11261,[RECAP BUỔI 5 - 27/03/2026]
tracking_event,TRACKING _ SEASON 11.xlsx,Raw data,1661,outside_phase2_event_scope,,,UEHEF11374,[RECAP TRAINING SESSION 06: STORYTELLING - TELL IT YOUR WAY]
tracking_event,TRACKING _ SEASON 11.xlsx,Raw data,1662,outside_phase2_event_scope,,,UEHEM11536,[RECAP TRAINING SESSION 06: STORYTELLING - TELL IT YOUR WAY - 25/3/2026]
tracking_event,TRACKING _ SEASON 11.xlsx,Raw data,1663,outside_phase2_event_scope,,,UEHEF11314,[RECAP TRAINING SESSION 06: STORYTELLING - TELL IT YOUR WAY]
tracking_event,TRACKING _ SEASON 11.xlsx,Raw data,1664,outside_phase2_event_scope,,,UEHEF11302,[RECAP TRAINING 06: “STORYTELLING – TELL IT YOUR WAY” - 25/3/2026]
tracking_recap,TRACKING _ SEASON 11.xlsx,Raw data,1665,missing_url,,,UEHEM11087,[RECAP BUỔI 4 - 28/03/2026]
tracking_recap,TRACKING _ SEASON 11.xlsx,Raw data,1666,missing_url,,,UEHEF11144,[RECAP BUỔI 4 – 22/03/2026]
tracking_event,TRACKING _ SEASON 11.xlsx,Raw data,1667,outside_phase2_event_scope,,,UEHEM11604,Imported Facebook recap
tracking_event,TRACKING _ SEASON 11.xlsx,Raw data,1668,outside_phase2_event_scope,,,UEHEF11178,[RECAP TRAINING SESSION 06: STORYTELLING - TELL IT YOUR WAY | 25/03/2026]
tracking_event,TRACKING _ SEASON 11.xlsx,Raw data,1669,outside_phase2_event_scope,,,UEHEM11569,[RECAP TRAINING SESSION 06: STORYTELLING – TELL IT YOUR WAY | 25/03/2026]
tracking_event,TRACKING _ SEASON 11.xlsx,Raw data,1670,outside_phase2_event_scope,,,UEHEF11095,"[RECAP TRAINING SESSION 06: ""STORY TELLING- TELL IT YOUR WAY""- 25/03/2026]"
tracking_event,TRACKING _ SEASON 11.xlsx,Raw data,1671,outside_phase2_event_scope,,,UEHEF11445,[RECAP TRAINING 06 CHỦ ĐỀ: “STORYTELLING - TELL IT YOUR WAY” - 25/03/2026]
tracking_recap,TRACKING _ SEASON 11.xlsx,Raw data,1672,recap_type=other/unknown,,,UEHEF11465,"[RECAP TRANING SESSION 06: ""STORY TELLING- TELL IT YOUR WAY""- 25/03/2026]"
tracking_event,TRACKING _ SEASON 11.xlsx,Raw data,1673,outside_phase2_event_scope,,,UEHEF11363,[RECAP TRAINING : STORYTELLING. TELL IT YOUR WAY]
tracking_event,TRACKING _ SEASON 11.xlsx,Raw data,1674,outside_phase2_event_scope,,,UEHEF11268,[RECAP TRAINING SESSION 6]
tracking_event,TRACKING _ SEASON 11.xlsx,Raw data,1675,outside_phase2_event_scope,,,UEHEM11076,Imported Facebook recap
tracking_recap,TRACKING _ SEASON 11.xlsx,Raw data,1676,missing_url,,,UEHEM11357,[RECAP BUỔI 4 - 15/03/2026]
tracking_recap,TRACKING _ SEASON 11.xlsx,Raw data,1677,missing_url,,,UEHEM11512,[RECAP MENTORING BUỔI 3 - 26/03/2026]
tracking_event,TRACKING _ SEASON 11.xlsx,Raw data,1678,outside_phase2_event_scope,,,UEHEF11279,Imported Facebook recap
tracking_recap,TRACKING _ SEASON 11.xlsx,Raw data,1679,missing_url,,,UEHEF11448,[RECAP BUỔI 4 - 23/3/2026]
tracking_event,TRACKING _ SEASON 11.xlsx,Raw data,1680,outside_phase2_event_scope,,,UEHEM11293,[RECAP TRAINING 6 CV STORYTELLING - 25/3/2026]
tracking_recap,TRACKING _ SEASON 11.xlsx,Raw data,1681,missing_url,,,UEHEF11486,[RECAP BUỔI 2 - 22/03/2026]
tracking_recap,TRACKING _ SEASON 11.xlsx,Raw data,1682,missing_url,,,UEHEF11498,[RECAP BUỔI 4 - 24/3/2026]
tracking_recap,TRACKING _ SEASON 11.xlsx,Raw data,1683,missing_url,,,UEHEF11141,[RECAP BUỔI 3 – 22/03/2026]
tracking_event,TRACKING _ SEASON 11.xlsx,Raw data,1684,outside_phase2_event_scope,,,UEHEM11576,[RECAP TRAINING 06: “STORYTELLING - TELL IT YOUR WAY” | 25/03/2026]
tracking_event,TRACKING _ SEASON 11.xlsx,Raw data,1685,outside_phase2_event_scope,,,UEHEM11562,[RECAP TRAINING 06: “STORYTELLING - TELL IT YOUR WAY” | 25/03/2026]
tracking_event,TRACKING _ SEASON 11.xlsx,Raw data,1686,outside_phase2_event_scope,,,UEHEF11043,[RECAP TRAINING 06: “STORYTELLING – TELL IT YOUR WAY” - 25/03/2026]
tracking_event,TRACKING _ SEASON 11.xlsx,Raw data,1687,outside_phase2_event_scope,,,UEHEM11594,[RECAP TRAINING 06: “STORYTELLING - TELL IT YOUR WAY” | 25/03/2026]
tracking_recap,TRACKING _ SEASON 11.xlsx,Raw data,1688,missing_url,,,UEHEM11594,[RECAP BUỔI 4 – 18/03/2026]
tracking_event,TRACKING _ SEASON 11.xlsx,Raw data,1689,outside_phase2_event_scope,,,UEHEF11424,[RECAP TRAINING 06: “STORYTELLING – TELL IT YOUR WAY” – 25/03/2026]
tracking_event,TRACKING _ SEASON 11.xlsx,Raw data,1690,outside_phase2_event_scope,,,UEHEF11113,"[RECAP TRAINING 06: ""STORYTELLING - TELL IT YOUR WAY"" - 25/03/2026]"
tracking_event,TRACKING _ SEASON 11.xlsx,Raw data,1691,outside_phase2_event_scope,,,UEHEF11303,[RECAP TRAINING 06 [STORYTELLING - TELL IT YOUR WAY - 25/03/2026]
tracking_recap,TRACKING _ SEASON 11.xlsx,Raw data,1692,recap_type=other/unknown,,,UEHEF11223,Imported Facebook recap
tracking_recap,TRACKING _ SEASON 11.xlsx,Raw data,1693,missing_url,,,UEHEF11148,Imported Facebook recap
tracking_event,TRACKING _ SEASON 11.xlsx,Raw data,1694,outside_phase2_event_scope,,,UEHEM11628,"[RECAP TRAINING 06: ""STORYTELLING - TELL IT YOUR WAY"" - 25/03/2026]"
tracking_recap,TRACKING _ SEASON 11.xlsx,Raw data,1695,recap_type=other/unknown,,,,Imported Facebook recap
tracking_recap,TRACKING _ SEASON 11.xlsx,Raw data,1696,missing_url,,,UEHEM11578,[RECAP BUỔI 5 – 19/03/2025]
tracking_recap,TRACKING _ SEASON 11.xlsx,Raw data,1697,missing_url; no_active_primary_match_for_mentee_code,,,UEHEM11611,[RECAP BUỔI 6 - 23/3/2026]
tracking_event,TRACKING _ SEASON 11.xlsx,Raw data,1698,outside_phase2_event_scope,,,UEHEM11581,"[RECAP TRAINING 06: ""STORYTELLING - TELL IT YOUR WAY"" - 25/03/2026]"
tracking_recap,TRACKING _ SEASON 11.xlsx,Raw data,1699,missing_url,,,UEHEM11597,[RECAP BUỔI 2 - 19/01/2026]
tracking_recap,TRACKING _ SEASON 11.xlsx,Raw data,1700,missing_url; cross_mentoring_needs_mentor_review,,,UEHEM11586,[RECAP BUỔI 5 - 22/03/2025]
tracking_recap,TRACKING _ SEASON 11.xlsx,Raw data,1701,missing_url,,,UEHEF11037,[RECAP BUỔI 5 - 24/03/2026]
tracking_event,TRACKING _ SEASON 11.xlsx,Raw data,1702,outside_phase2_event_scope,,,UEHEM11601,"[RECAP TRAINING 06: ""STORYTELLING - TELL IT YOUR WAY"" - 25/03/2026]"
tracking_recap,TRACKING _ SEASON 11.xlsx,Raw data,1703,missing_url,,,UEHEM11532,[RECAP BUỔI 5 - 24/03/2026]
tracking_recap,TRACKING _ SEASON 11.xlsx,Raw data,1704,missing_url,,,UEHEF11214,[RECAP BUỔI 3 - 22/03/2026]
tracking_recap,TRACKING _ SEASON 11.xlsx,Raw data,1705,missing_url; missing_meeting_date,,,UEHEF11142,[RECAP BUỔI 2]
tracking_recap,TRACKING _ SEASON 11.xlsx,Raw data,1706,missing_url; cross_mentoring_needs_mentor_review,,,UEHEF11054,[RECAP BUỔI 3 - 23/03/2026]
tracking_recap,TRACKING _ SEASON 11.xlsx,Raw data,1707,missing_url,,,UEHEM11507,[RECAP BUỔI 4 - 22/03/2025]
tracking_recap,TRACKING _ SEASON 11.xlsx,Raw data,1708,missing_url; cross_mentoring_needs_mentor_review,,,UEHEM11355,[RECAP BUỔI 6 - 22/03/2025]
tracking_recap,TRACKING _ SEASON 11.xlsx,Raw data,1709,missing_url,,,UEHEM11622,[RECAP BUỔI 5 - 24/03/2026]
tracking_recap,TRACKING _ SEASON 11.xlsx,Raw data,1710,missing_url,,,UEHEF11272,[RECAP BUỔI 5 - 24/03/2026]
tracking_recap,TRACKING _ SEASON 11.xlsx,Raw data,1711,missing_url,,,UEHEF11052,[RECAP BUỔI 5 - 15/3/2026]
tracking_recap,TRACKING _ SEASON 11.xlsx,Raw data,1712,missing_url,,,UEHEF11042,[RECAP MENTORING BUỔI 6 - 24/03/2026]
tracking_recap,TRACKING _ SEASON 11.xlsx,Raw data,1713,missing_url,,,UEHEF11370,[RECAP BUỔI 3 - 21/03/2026]
tracking_recap,TRACKING _ SEASON 11.xlsx,Raw data,1714,missing_url,,,UEHEF11447,[RECAP BUỔI 4 - 23/03/2026]
tracking_recap,TRACKING _ SEASON 11.xlsx,Raw data,1715,missing_url,,,UEHEM11581,[RECAP BUỔI 6 - 22/03/2026]
tracking_recap,TRACKING _ SEASON 11.xlsx,Raw data,1716,missing_url; missing_mentee_code; missing_meeting_date; no_active_primary_match_for_mentee_code; cross_mentoring_needs_mentor_review,,,,Imported Facebook recap
tracking_recap,TRACKING _ SEASON 11.xlsx,Raw data,1717,missing_url,,,UEHEM11041,[RECAP BUỔI 4 - 22/03/2026]
tracking_recap,TRACKING _ SEASON 11.xlsx,Raw data,1718,missing_url,,,UEHEF11321,[RECAP BUỔI 4 - 20/3/2026]
tracking_recap,TRACKING _ SEASON 11.xlsx,Raw data,1719,missing_url,,,UEHEF11216,[RECAP: BUỔI 4: 20/3/2026]
tracking_recap,TRACKING _ SEASON 11.xlsx,Raw data,1720,missing_url,,,UEHEM11574,[RECAP BUỔI 4 - 05/12/2025]
tracking_recap,TRACKING _ SEASON 11.xlsx,Raw data,1721,missing_url,,,UEHEM11049,[RECAP BUỔI 5 - 19/03/2026]
tracking_recap,TRACKING _ SEASON 11.xlsx,Raw data,1722,missing_url,,,UEHEM11628,[RECAP BUỔI 4 - 23/03/2026]
tracking_recap,TRACKING _ SEASON 11.xlsx,Raw data,1723,missing_url,,,UEHEF11034,[RECAP BUỔI 4 - 19/03/2026]
tracking_recap,TRACKING _ SEASON 11.xlsx,Raw data,1724,missing_url; cross_mentoring_needs_mentor_review,,,UEHEM11581,[RECAP BUỔI 5 - 21/03/2025]
tracking_recap,TRACKING _ SEASON 11.xlsx,Raw data,1725,missing_url,,,UEHEM11640,[RECAP BUỔI 2 - 23/3/2025]
tracking_recap,TRACKING _ SEASON 11.xlsx,Raw data,1726,missing_url; cross_mentoring_needs_mentor_review,,,UEHEM11625,[RECAP BUỔI 4 - 21/03/2025]
tracking_recap,TRACKING _ SEASON 11.xlsx,Raw data,1727,missing_url,,,UEHEF11091,[RECAP BUỔI 3 - 21/3/2026]
tracking_recap,TRACKING _ SEASON 11.xlsx,Raw data,1728,missing_url,,,UEHEM11554,[RECAP BUỔI 3 – 22/03/2026]
tracking_recap,TRACKING _ SEASON 11.xlsx,Raw data,1729,missing_url; missing_meeting_date,,,UEHEM11556,Imported Facebook recap
tracking_recap,TRACKING _ SEASON 11.xlsx,Raw data,1730,missing_url,,,UEHEF11490,[RECAP BUỔI 4 - 18/03/2026]
tracking_recap,TRACKING _ SEASON 11.xlsx,Raw data,1731,missing_url,,,UEHEF11305,[RECAP BUỔI 5 - 20/3/2025]
tracking_recap,TRACKING _ SEASON 11.xlsx,Raw data,1732,missing_url,,,UEHEF11031,[RECAP BUỔI 4 - 15/03/2026]
tracking_recap,TRACKING _ SEASON 11.xlsx,Raw data,1733,missing_url,,,UEHEF11206,[RECAP BUỔI 4 – 19/03/2026]
tracking_recap,TRACKING _ SEASON 11.xlsx,Raw data,1734,missing_url; missing_mentee_code; missing_meeting_date; no_active_primary_match_for_mentee_code,,,,Imported Facebook recap
tracking_recap,TRACKING _ SEASON 11.xlsx,Raw data,1735,missing_url,,,UEHEF11460,[RECAP BUỔI 3 – 14/03/2026]
tracking_recap,TRACKING _ SEASON 11.xlsx,Raw data,1736,missing_url,,,UEHEF11039,[RECAP BUỔI 4 – 20/3/2026]
tracking_recap,TRACKING _ SEASON 11.xlsx,Raw data,1737,missing_url,,,UEHEF11117,[RECAP Buổi 4 - 18/4/2026]
tracking_recap,TRACKING _ SEASON 11.xlsx,Raw data,1738,missing_url,,,UEHEM11152,[RECAP BUỔI 2 – 19/3/2025]
tracking_recap,TRACKING _ SEASON 11.xlsx,Raw data,1739,missing_url,,,UEHEF11425,[RECAP BUỔI 4 - 19/03/2026]
tracking_recap,TRACKING _ SEASON 11.xlsx,Raw data,1740,missing_url,,,UEHEF11379,[RECAP BUỔI 3 - 17/3/2025]
tracking_recap,TRACKING _ SEASON 11.xlsx,Raw data,1741,missing_url; missing_meeting_date,,,UEHEF11316,[Recap buổi 4 [18/03/26]
tracking_recap,TRACKING _ SEASON 11.xlsx,Raw data,1742,missing_url,,,UEHEM11260,[RECAP BUỔI 4 - 13/03/2026]
tracking_recap,TRACKING _ SEASON 11.xlsx,Raw data,1743,missing_url,,,UEHEF11477,[RECAP BUỔI 4 - 07/03/2026]
tracking_recap,TRACKING _ SEASON 11.xlsx,Raw data,1744,missing_url,,,UEHEF11297,[RECAP BUỔI 3 - NGÀY 17/3/2026]
tracking_recap,TRACKING _ SEASON 11.xlsx,Raw data,1745,missing_url,,,UEHEF11494,[RECAP BUỔI 4 - 18/3/2026]
tracking_recap,TRACKING _ SEASON 11.xlsx,Raw data,1746,recap_type=other/unknown,,,,Imported Facebook recap
tracking_recap,TRACKING _ SEASON 11.xlsx,Raw data,1747,missing_url,,,UEHEM11094,[RECAP BUỔI 5 - 15/3/2026]
tracking_recap,TRACKING _ SEASON 11.xlsx,Raw data,1748,missing_url,,,UEHEF11337,[RECAP BUỔI 4 - 12/03/2026]
tracking_recap,TRACKING _ SEASON 11.xlsx,Raw data,1749,missing_url,,,UEHEF11079,[RECAP BUỔI 4 - 19/03/2026]
tracking_recap,TRACKING _ SEASON 11.xlsx,Raw data,1750,missing_url,,,UEHEM11474,[RECAP BUỔI 3 - 07/02/2026]
tracking_recap,TRACKING _ SEASON 11.xlsx,Raw data,1751,missing_url,,,UEHEF11143,[RECAP BUỔI 3 – 18/03/2026]
tracking_recap,TRACKING _ SEASON 11.xlsx,Raw data,1752,missing_url; missing_mentee_code; no_active_primary_match_for_mentee_code,,,,[RECAP BUỔI MENTORING THỨ 4]
tracking_recap,TRACKING _ SEASON 11.xlsx,Raw data,1753,missing_url; missing_mentee_code; no_active_primary_match_for_mentee_code,,,,[RECAP BUỔI 4 - 05/3/2026]
tracking_recap,TRACKING _ SEASON 11.xlsx,Raw data,1754,missing_url,,,UEHEM11568,[RECAP BUỔI 4 - 16/01/2026]
tracking_recap,TRACKING _ SEASON 11.xlsx,Raw data,1755,missing_url; cross_mentoring_needs_mentor_review,,,UEHEM11536,[RECAP BUỔI 3 - 14/03/2026]
tracking_recap,TRACKING _ SEASON 11.xlsx,Raw data,1756,missing_url,,,UEHEF11476,[RECAP BUỔI 4 - 9/3/2025]
tracking_recap,TRACKING _ SEASON 11.xlsx,Raw data,1757,missing_url,,,UEHEF11290,Imported Facebook recap
tracking_recap,TRACKING _ SEASON 11.xlsx,Raw data,1758,missing_url; cross_mentoring_needs_mentor_review,,,UEHEM11625,[RECAP BUỔI 3 - 15/03/2025]
tracking_recap,TRACKING _ SEASON 11.xlsx,Raw data,1759,missing_url,,,UEHEF11251,[RECAP BUỔI 3 - 15/03/2026]
tracking_recap,TRACKING _ SEASON 11.xlsx,Raw data,1760,missing_url,,,UEHEF11368,[RECAP BUỔI 6 – 14/3/2026]
tracking_recap,TRACKING _ SEASON 11.xlsx,Raw data,1761,missing_url,,,UEHEF11139,[RECAP BUỔI 4 - 14/03/2026]
tracking_recap,TRACKING _ SEASON 11.xlsx,Raw data,1762,missing_url,,,UEHEF11279,[RECAP BUỔI 4 – 15/3/2026]
tracking_recap,TRACKING _ SEASON 11.xlsx,Raw data,1763,missing_url,,,UEHEM11607,[RECAP BUỔI 3 - 15/03/2026]
tracking_recap,TRACKING _ SEASON 11.xlsx,Raw data,1764,missing_url,,,UEHEM11356,[RECAP BUỔI 4 - 15/03/2026]
tracking_recap,TRACKING _ SEASON 11.xlsx,Raw data,1765,missing_url,,,UEHEF11421,[RECAP BUỔI 4 - 14/03/2026]
tracking_recap,TRACKING _ SEASON 11.xlsx,Raw data,1766,missing_url,,,UEHEM11581,[RECAP BUỔI 4 - 12/03/2025]
tracking_recap,TRACKING _ SEASON 11.xlsx,Raw data,1767,missing_url,,,UEHEF11271,[RECAP BUỔI 3 - 14/03/2026]
tracking_recap,TRACKING _ SEASON 11.xlsx,Raw data,1768,missing_url,,,UEHEF11303,[RECAP BUỔI 4 - 14/3/2026]
tracking_recap,TRACKING _ SEASON 11.xlsx,Raw data,1769,missing_url,,,UEHEM11418,[RECAP BUỔI 4 - 13/3/2026]
tracking_recap,TRACKING _ SEASON 11.xlsx,Raw data,1770,missing_url,,,UEHEF11282,[RECAP BUỔI 2 - 06/03/2026]
tracking_recap,TRACKING _ SEASON 11.xlsx,Raw data,1771,missing_url,,,UEHEF11395,[RECAP BUỔI 9 - 10/3/2026]
tracking_recap,TRACKING _ SEASON 11.xlsx,Raw data,1772,recap_type=other/unknown,,,,Imported Facebook recap
tracking_recap,TRACKING _ SEASON 11.xlsx,Raw data,1773,missing_url,,,UEHEF11060,[RECAP BUỔI 5 - 12/3/2026]
tracking_recap,TRACKING _ SEASON 11.xlsx,Raw data,1774,missing_url,,,UEHEF11268,[RECAP BUỔI 2 - 6/3/2026]
tracking_recap,TRACKING _ SEASON 11.xlsx,Raw data,1775,missing_url,,,UEHEF11058,[RECAP BUỔI 4 - 13/03/2026]
tracking_recap,TRACKING _ SEASON 11.xlsx,Raw data,1776,missing_url,,,UEHEF11330,[RECAP BUỔI 3 – 13/03/2026]
tracking_recap,TRACKING _ SEASON 11.xlsx,Raw data,1777,missing_url,,,UEHEF11304,[RECAP BUỔI 2 - 08/03/2026]
tracking_recap,TRACKING _ SEASON 11.xlsx,Raw data,1778,missing_url,,,UEHEM11293,[RECAP BUỔI 3 – 12/02/2026]
tracking_recap,TRACKING _ SEASON 11.xlsx,Raw data,1779,missing_url,,,UEHEF11348,[Recap Buổi 4 - 11/3/2026]
tracking_recap,TRACKING _ SEASON 11.xlsx,Raw data,1780,missing_url,,,UEHEM11165,[RECAP BUỔI 4 - 13/03/2026]
tracking_recap,TRACKING _ SEASON 11.xlsx,Raw data,1781,missing_url,,,UEHEF11174,[RECAP BUỔI 4 - 11/3/2026]
tracking_recap,TRACKING _ SEASON 11.xlsx,Raw data,1782,missing_url,,,UEHEM11120,Imported Facebook recap
tracking_recap,TRACKING _ SEASON 11.xlsx,Raw data,1783,missing_url,,,UEHEM11121,[RECAP BUỔI 4 ngày 9/03/2026]
tracking_recap,TRACKING _ SEASON 11.xlsx,Raw data,1784,missing_url; missing_meeting_date,,,UEHEM11122,[RECAP BUỔI 4 - 08/032026]
tracking_recap,TRACKING _ SEASON 11.xlsx,Raw data,1785,missing_url; missing_meeting_date; cross_mentoring_needs_mentor_review,,,UEHEM11527,[RECAP BUỔI 3 - 08/032026]
tracking_recap,TRACKING _ SEASON 11.xlsx,Raw data,1786,missing_url,,,UEHEF11346,[RECAP BUỔI 4- 11/03/2026]
tracking_recap,TRACKING _ SEASON 11.xlsx,Raw data,1787,missing_url,,,UEHEF11241,[RECAP BUỔI 4 - 10/03/2026]
tracking_event,TRACKING _ SEASON 11.xlsx,Raw data,1788,outside_phase2_event_scope,,,UEHEF11190,[RECAP BUỔI 4 - 08/03/2026]
tracking_recap,TRACKING _ SEASON 11.xlsx,Raw data,1789,recap_type=other/unknown,,,,Imported Facebook recap
tracking_event,TRACKING _ SEASON 11.xlsx,Raw data,1790,outside_phase2_event_scope,,,UEHEM11289,"[RECAPTRAINING 05: ""COMMUNICATION SKILLS, CRITICAL THINKING & PUBLIC SPEAKING - 08/03/2026]"
tracking_event,TRACKING _ SEASON 11.xlsx,Raw data,1791,outside_phase2_event_scope,,,UEHEM11524,"[RECAP TRAINING 05: COMMUNICATION SKILLS, CRITICAL THINKING & PUBLIC SPEAKING]"
tracking_recap,TRACKING _ SEASON 11.xlsx,Raw data,1792,missing_url,,,UEHEM11289,[RECAP BUỔI 6_Ngày 10/03/2026]
tracking_event,TRACKING _ SEASON 11.xlsx,Raw data,1793,outside_phase2_event_scope,,,UEHEM11094,"[RECAP TRAINING 05 [COMMUNICATION SKILLS, CRITICAL THINKING & PUBLIC SPEAKING - 08/03/2026]"
tracking_event,TRACKING _ SEASON 11.xlsx,Raw data,1794,outside_phase2_event_scope,,,,"[RECAP TRAINING 05 [COMMUNICATION SKILLS, CRITICAL THINKING & PUBLIC SPEAKING - 08/03/2026]"
tracking_event,TRACKING _ SEASON 11.xlsx,Raw data,1795,outside_phase2_event_scope,,,UEHEM11548,"[RECAP TRAINING 05 [COMMUNICATION SKILLS, CRITICAL THINKING & PUBLIC SPEAKING - 08/03/2026]"
tracking_event,TRACKING _ SEASON 11.xlsx,Raw data,1796,outside_phase2_event_scope,,,UEHEF11303,"[RECAP TRAINING 05 [COMMUNICATION SKILLS, CRITICAL THINKING & PUBLIC SPEAKING - 08/03/2026]"
tracking_recap,TRACKING _ SEASON 11.xlsx,Raw data,1797,missing_url; missing_meeting_date,,,UEHEM11556,Imported Facebook recap
tracking_event,TRACKING _ SEASON 11.xlsx,Raw data,1798,outside_phase2_event_scope,,,UEHEF11399,"[RECAP TRAINING 05: ""COMMUNICATION SKILLS, CRITICAL THINKING & PUBLIC SPEAKING - 08/03/2026]"
tracking_event,TRACKING _ SEASON 11.xlsx,Raw data,1799,outside_phase2_event_scope,,,UEHEM11576,"[RECAPTRAINING 05: ""COMMUNICATION SKILLS, CRITICAL THINKING & PUBLIC SPEAKING - 08/03/2026]"
tracking_recap,TRACKING _ SEASON 11.xlsx,Raw data,1800,missing_url,,,UEHEF11239,[RECAP BUỔI 3 - 08/03/2026]
tracking_recap,TRACKING _ SEASON 11.xlsx,Raw data,1801,missing_url; missing_mentee_code; no_active_primary_match_for_mentee_code,,,,[RECAP BUỔI 3 - 20/1/2026]
tracking_recap,TRACKING _ SEASON 11.xlsx,Raw data,1802,missing_url,,,UEHEF11066,[RECAP Buổi 4 - 06/03/2026]
tracking_recap,TRACKING _ SEASON 11.xlsx,Raw data,1803,missing_url; missing_meeting_date,,,UEHEM11604,[RECAP BUỔI 3 - Thoát khỏi FOMO bằng cách xác định giá trị mình theo đuổi]
tracking_recap,TRACKING _ SEASON 11.xlsx,Raw data,1804,missing_url,,,UEHEF11012,[RECAP BUỔI 2 – 08/03/2026]
tracking_recap,TRACKING _ SEASON 11.xlsx,Raw data,1805,missing_url,,,UEHEM11638,[RECAP BUỔI 4 - 07/03/2026]
tracking_recap,TRACKING _ SEASON 11.xlsx,Raw data,1806,missing_url,,,UEHEM11603,[RECAP BUỔI 02 - 30/01/2026]
tracking_recap,TRACKING _ SEASON 11.xlsx,Raw data,1807,missing_url,,,UEHEM11564,[RECAP MENTOR BUỔI 4 - 28/2/2026]
tracking_recap,TRACKING _ SEASON 11.xlsx,Raw data,1808,missing_url,,,UEHEF11011,[RECAP BUỔI 4 - 6/3/2026]
tracking_recap,TRACKING _ SEASON 11.xlsx,Raw data,1809,missing_url,,,UEHEF11464,[RECAP BUỔI 3 - 05/03/2026]
tracking_recap,TRACKING _ SEASON 11.xlsx,Raw data,1811,missing_url,,,UEHEM11210,[RECAP BUỔI 3 - 7/3/2026]
tracking_recap,TRACKING _ SEASON 11.xlsx,Raw data,1812,missing_url,,,UEHEF11138,[RECAP BUỔI 4- 07/03/2026]
tracking_recap,TRACKING _ SEASON 11.xlsx,Raw data,1813,missing_url,,,UEHEM11349,[RECAP4]
tracking_recap,TRACKING _ SEASON 11.xlsx,Raw data,1814,missing_url; no_active_primary_match_for_mentee_code,,,UEHEF11126,[RECAP MENTORING BUỔI 2 - 28/02/2026]
tracking_recap,TRACKING _ SEASON 11.xlsx,Raw data,1815,missing_url,,,UEHEM11590,[RECAP BUỔI 3 - 7/3/2026]
tracking_recap,TRACKING _ SEASON 11.xlsx,Raw data,1816,missing_url,,,UEHEF11394,[RECAP MENTORING BUỔI 2 - 05/03/2026]
tracking_recap,TRACKING _ SEASON 11.xlsx,Raw data,1817,missing_url,,,UEHEM11588,[RECAP BUỔI 4 - 4/3/2026]
tracking_recap,TRACKING _ SEASON 11.xlsx,Raw data,1818,missing_url,,,UEHEF11464,[RECAP BUỔI 3 - 05/03/2026]
tracking_recap,TRACKING _ SEASON 11.xlsx,Raw data,1819,missing_url; no_active_primary_match_for_mentee_code,,,UEHEF11458,[RECAP MENTORING BUỔI 3 – 5/3/2026]
tracking_recap,TRACKING _ SEASON 11.xlsx,Raw data,1820,missing_url,,,UEHEF11190,[RECAP BUỔI 3 - 12/02/2026]
tracking_recap,TRACKING _ SEASON 11.xlsx,Raw data,1821,missing_url,,,UEHEF11298,[RECAP BUỔI 2 - 4/3/2026]
tracking_recap,TRACKING _ SEASON 11.xlsx,Raw data,1822,missing_url,,,UEHEF11037,[RECAP BUỔI 4 - 28/02/2026]
tracking_recap,TRACKING _ SEASON 11.xlsx,Raw data,1823,missing_url,,,UEHEF11115,[RECAP BUỔI 3 – 03/03/2026]
tracking_recap,TRACKING _ SEASON 11.xlsx,Raw data,1824,missing_url; no_active_primary_match_for_mentee_code,,,UEHEM1199,[RECAP BUỔI 4 – 03/03/2026]
tracking_recap,TRACKING _ SEASON 11.xlsx,Raw data,1825,missing_url,,,UEHEM11609,[RECAP BUỔI 4 - 25/02/2026]
tracking_recap,TRACKING _ SEASON 11.xlsx,Raw data,1826,missing_url,,,UEHEF11018,[RECAP BUỔI 4 - 28/02/2026]
tracking_recap,TRACKING _ SEASON 11.xlsx,Raw data,1827,recap_type=other/unknown,,,,Imported Facebook recap
tracking_recap,TRACKING _ SEASON 11.xlsx,Raw data,1828,missing_url,,,UEHEF11286,[RECAP BUỔI 4 - 31/1/2026]
tracking_recap,TRACKING _ SEASON 11.xlsx,Raw data,1829,missing_url,,,UEHEF11375,[RECAP MENTORING BUỔI 4 - 27/02/2026]
tracking_recap,TRACKING _ SEASON 11.xlsx,Raw data,1830,missing_url; no_active_primary_match_for_mentee_code,,,UEHEF11911,[RECAP BUỔI 3 - 19/02/2026]
tracking_recap,TRACKING _ SEASON 11.xlsx,Raw data,1831,missing_url,,,UEHEM11084,[RECAP BUỔI 4 - 27/02/2026]
tracking_recap,TRACKING _ SEASON 11.xlsx,Raw data,1832,missing_url,,,UEHEF11477,[RECAP BUỔI 03 - 24/01/2026]
tracking_recap,TRACKING _ SEASON 11.xlsx,Raw data,1833,missing_url,,,UEHEF11105,[RECAP BUỔI 02 - 13/01/2026]
tracking_recap,TRACKING _ SEASON 11.xlsx,Raw data,1834,missing_url,,,UEHEF11179,Imported Facebook recap
tracking_recap,TRACKING _ SEASON 11.xlsx,Raw data,1835,missing_url,,,UEHEF11382,[RECAP BUỔI 3 - 12/02/2026]
tracking_recap,TRACKING _ SEASON 11.xlsx,Raw data,1836,missing_url,,,UEHEM11636,[RECAP BUỔI 4 - 28/02/2026]
tracking_recap,TRACKING _ SEASON 11.xlsx,Raw data,1837,missing_url,,,UEHEM11483,[RECAP BUỔI 3 - 24/02/2026]
tracking_recap,TRACKING _ SEASON 11.xlsx,Raw data,1838,missing_url,,,UEHEF11487,[RECAP BUỔI 3 - 28/02/2026]
tracking_recap,TRACKING _ SEASON 11.xlsx,Raw data,1839,missing_url; no_active_primary_match_for_mentee_code,,,UEHEM11611,[RECAP BUỔI 5 - 27/2/2026]
tracking_recap,TRACKING _ SEASON 11.xlsx,Raw data,1840,missing_url,,,UEHEF11340,[RECAP BUỔI 3 - 27/02/2026]
tracking_recap,TRACKING _ SEASON 11.xlsx,Raw data,1841,missing_url,,,UEHEF11133,Imported Facebook recap
tracking_recap,TRACKING _ SEASON 11.xlsx,Raw data,1842,missing_url,,,UEHEM11530,[RECAP BUỔI 3 - 27/02/2026]
tracking_recap,TRACKING _ SEASON 11.xlsx,Sheet15,1,duplicate_recap_url,,,UEHEF11310,https://www.facebook.com/groups/210657489350109/permalink/2397509053998264/
tracking_recap,TRACKING _ SEASON 11.xlsx,Sheet15,2,duplicate_recap_url,,,UEHEM11555,https://www.facebook.com/groups/210657489350109/permalink/2397508340665002/
tracking_event,TRACKING _ SEASON 11.xlsx,Sheet15,3,outside_phase2_event_scope,,,UEHEF11400,https://www.facebook.com/groups/210657489350109/permalink/2397507817331721/
tracking_event,TRACKING _ SEASON 11.xlsx,Sheet15,4,outside_phase2_event_scope,,,UEHEM11595,https://www.facebook.com/groups/210657489350109/permalink/2397502483998921/
tracking_recap,TRACKING _ SEASON 11.xlsx,Sheet15,5,duplicate_recap_url,,,UEHEF11188,https://www.facebook.com/groups/210657489350109/permalink/2397490930666743/
tracking_event,TRACKING _ SEASON 11.xlsx,Sheet15,6,outside_phase2_event_scope,,,UEHEM11261,https://www.facebook.com/groups/210657489350109/permalink/2397461304003039/
tracking_recap,TRACKING _ SEASON 11.xlsx,Sheet15,7,duplicate_recap_url,,,UEHEF11127,https://www.facebook.com/groups/210657489350109/permalink/2397452450670591/
tracking_recap,TRACKING _ SEASON 11.xlsx,Sheet15,8,no_active_primary_match_for_mentee_code,,,UEHEM11528,https://www.facebook.com/groups/210657489350109/permalink/2397439774005192/
tracking_event,TRACKING _ SEASON 11.xlsx,Sheet15,9,outside_phase2_event_scope,,,UEHEM11194,https://www.facebook.com/groups/210657489350109/permalink/2397437717338731/
tracking_recap,TRACKING _ SEASON 11.xlsx,Sheet15,10,duplicate_recap_url,,,UEHEM11098,https://www.facebook.com/groups/210657489350109/permalink/2397425837339919/
tracking_recap,TRACKING _ SEASON 11.xlsx,Sheet15,11,duplicate_recap_url,,,UEHEF11498,https://www.facebook.com/groups/210657489350109/permalink/2397415810674255/
tracking_recap,TRACKING _ SEASON 11.xlsx,Sheet15,12,duplicate_recap_url,,,UEHEF11128,https://www.facebook.com/groups/210657489350109/permalink/2397384260677410/
tracking_recap,TRACKING _ SEASON 11.xlsx,Sheet15,13,duplicate_recap_url,,,UEHEF11115,https://www.facebook.com/groups/210657489350109/permalink/2397382770677559/
tracking_recap,TRACKING _ SEASON 11.xlsx,Sheet15,14,duplicate_recap_url,,,UEHEF11253,https://www.facebook.com/groups/210657489350109/permalink/2397376294011540/
tracking_event,TRACKING _ SEASON 11.xlsx,Sheet15,15,outside_phase2_event_scope,,,UEHEM11536,https://www.facebook.com/groups/210657489350109/permalink/2397364687346034/
tracking_event,TRACKING _ SEASON 11.xlsx,Sheet15,16,outside_phase2_event_scope,,,UEHEM11186,https://www.facebook.com/groups/210657489350109/permalink/2397329177349585/
tracking_event,TRACKING _ SEASON 11.xlsx,Sheet15,17,outside_phase2_event_scope,,,UEHEM11569,https://www.facebook.com/groups/210657489350109/permalink/2397306717351831/
tracking_recap,TRACKING _ SEASON 11.xlsx,Sheet15,18,duplicate_recap_url,,,UEHEM11412,https://www.facebook.com/groups/210657489350109/permalink/2397302734018896/
tracking_event,TRACKING _ SEASON 11.xlsx,Sheet15,19,outside_phase2_event_scope,,,UEHEM11522,https://www.facebook.com/groups/210657489350109/permalink/2397290414020128/
tracking_recap,TRACKING _ SEASON 11.xlsx,Sheet15,20,duplicate_recap_url,,,UEHEF11078,https://www.facebook.com/groups/210657489350109/permalink/2397238084025361/
tracking_event,TRACKING _ SEASON 11.xlsx,Sheet15,21,outside_phase2_event_scope,,,UEHEM11637,https://www.facebook.com/groups/210657489350109/permalink/2397227814026388/
tracking_recap,TRACKING _ SEASON 11.xlsx,Sheet15,22,duplicate_recap_url,,,UEHEF11328,https://www.facebook.com/groups/210657489350109/permalink/2397226680693168/
tracking_recap,TRACKING _ SEASON 11.xlsx,Sheet15,23,duplicate_recap_url,,,UEHEF11064,https://www.facebook.com/groups/210657489350109/permalink/2397224564026713/
tracking_recap,TRACKING _ SEASON 11.xlsx,Sheet15,24,duplicate_recap_url,,,UEHEF11132,https://www.facebook.com/groups/210657489350109/permalink/2397135074035662/
tracking_recap,TRACKING _ SEASON 11.xlsx,Sheet15,25,duplicate_recap_url,,,UEHEF11090,https://www.facebook.com/groups/210657489350109/permalink/2397128640702972/
tracking_recap,TRACKING _ SEASON 11.xlsx,Sheet15,26,duplicate_recap_url,,,UEHEF11368,https://www.facebook.com/groups/210657489350109/permalink/2397103010705535/
tracking_recap,TRACKING _ SEASON 11.xlsx,Sheet15,27,duplicate_recap_url,,,UEHEF11282,https://www.facebook.com/groups/210657489350109/permalink/2396730870742749/
tracking_recap,TRACKING _ SEASON 11.xlsx,Sheet15,28,duplicate_recap_url,,,UEHEM11595,https://www.facebook.com/groups/210657489350109/permalink/2396724770743359/
tracking_recap,TRACKING _ SEASON 11.xlsx,Sheet15,29,duplicate_recap_url,,,UEHEF11206,https://www.facebook.com/groups/210657489350109/permalink/2396688940746942/
tracking_recap,TRACKING _ SEASON 11.xlsx,Sheet15,30,missing_mentee_code; no_active_primary_match_for_mentee_code; cross_mentoring_needs_mentor_review,,,,https://www.facebook.com/groups/210657489350109/permalink/2396640030751833/
tracking_recap,TRACKING _ SEASON 11.xlsx,Sheet15,31,duplicate_recap_url,,,UEHEF11288,https://www.facebook.com/groups/210657489350109/permalink/2396625200753316/
tracking_recap,TRACKING _ SEASON 11.xlsx,Sheet15,32,duplicate_recap_url,,,UEHEF11016,https://www.facebook.com/groups/210657489350109/permalink/2396553037427199/
tracking_recap,TRACKING _ SEASON 11.xlsx,Sheet15,33,duplicate_recap_url,,,UEHSF11015,https://www.facebook.com/groups/210657489350109/permalink/2396511870764649/
tracking_recap,TRACKING _ SEASON 11.xlsx,Sheet15,34,duplicate_recap_url,,,UEHEF11322,https://www.facebook.com/groups/210657489350109/permalink/2396451767437326/
tracking_recap,TRACKING _ SEASON 11.xlsx,Sheet15,35,missing_mentee_code; no_active_primary_match_for_mentee_code,,,,https://www.facebook.com/groups/210657489350109/permalink/2396435220772314/
tracking_recap,TRACKING _ SEASON 11.xlsx,Sheet15,36,duplicate_recap_url,,,UEHEM11576,https://www.facebook.com/groups/210657489350109/permalink/2396395454109624/
tracking_recap,TRACKING _ SEASON 11.xlsx,Sheet15,37,duplicate_recap_url,,,UEHEM11097,https://www.facebook.com/groups/210657489350109/permalink/2396383897444113/
tracking_recap,TRACKING _ SEASON 11.xlsx,Sheet15,38,duplicate_recap_url,,,UEHEF11331,https://www.facebook.com/groups/210657489350109/permalink/2396375067444996/
tracking_recap,TRACKING _ SEASON 11.xlsx,Sheet15,39,no_active_primary_match_for_mentee_code,,,UEHEM11517,https://www.facebook.com/groups/210657489350109/permalink/2396374534111716/
tracking_recap,TRACKING _ SEASON 11.xlsx,Sheet15,40,duplicate_recap_url,,,UEHEF11281,https://www.facebook.com/groups/210657489350109/permalink/2396347994114370/
tracking_recap,TRACKING _ SEASON 11.xlsx,Sheet15,41,duplicate_recap_url,,,UEHEF11425,https://www.facebook.com/groups/210657489350109/permalink/2396135694135600/
tracking_recap,TRACKING _ SEASON 11.xlsx,Sheet15,42,duplicate_recap_url,,,UEHEM11418,https://www.facebook.com/groups/210657489350109/permalink/2395907680825068/
tracking_recap,TRACKING _ SEASON 11.xlsx,Sheet15,43,duplicate_recap_url,,,UEHEF11389,https://www.facebook.com/groups/210657489350109/permalink/2395890374160132/
tracking_recap,TRACKING _ SEASON 11.xlsx,Sheet15,44,duplicate_recap_url,,,UEHEM11416,https://www.facebook.com/groups/210657489350109/permalink/2395746230841213/
tracking_recap,TRACKING _ SEASON 11.xlsx,Sheet15,45,missing_mentee_code; missing_meeting_date; no_active_primary_match_for_mentee_code,,,,https://www.facebook.com/groups/210657489350109/permalink/2395716230844213/
tracking_recap,TRACKING _ SEASON 11.xlsx,Sheet15,46,duplicate_recap_url,,,UEHEF11395,https://www.facebook.com/groups/210657489350109/permalink/2395569764192193/
tracking_recap,TRACKING _ SEASON 11.xlsx,Sheet15,47,missing_meeting_date,,,UEHEM11631,https://www.facebook.com/groups/210657489350109/permalink/2395049167577586/
tracking_recap,TRACKING _ SEASON 11.xlsx,Sheet15,48,duplicate_recap_url,,,UEHEF11004,https://www.facebook.com/groups/210657489350109/permalink/2395045034244666/
tracking_recap,TRACKING _ SEASON 11.xlsx,Sheet15,49,duplicate_recap_url,,,UEHEF11111,https://www.facebook.com/groups/210657489350109/permalink/2395015107580992/
tracking_recap,TRACKING _ SEASON 11.xlsx,Sheet15,50,duplicate_recap_url,,,UEHEM11637,https://www.facebook.com/groups/210657489350109/permalink/2394877664261403/
tracking_recap,TRACKING _ SEASON 11.xlsx,Sheet15,51,duplicate_recap_url,,,UEHEF11391,https://www.facebook.com/groups/210657489350109/permalink/2394877657594737/
tracking_recap,TRACKING _ SEASON 11.xlsx,Sheet15,52,duplicate_recap_url,,,UEHSF11006,https://www.facebook.com/groups/210657489350109/permalink/2394869557595547/
tracking_recap,TRACKING _ SEASON 11.xlsx,Sheet15,53,duplicate_recap_url,,,UEHEF11124,https://www.facebook.com/groups/210657489350109/permalink/2394832424265927/
tracking_recap,TRACKING _ SEASON 11.xlsx,Sheet15,54,duplicate_recap_url,,,UEHEM11357,https://www.facebook.com/groups/210657489350109/permalink/2394768674272302/
tracking_recap,TRACKING _ SEASON 11.xlsx,Sheet15,55,duplicate_recap_url,,,UEHEF11385,https://www.facebook.com/groups/210657489350109/permalink/2394562977626205/
tracking_recap,TRACKING _ SEASON 11.xlsx,Sheet15,56,duplicate_recap_url,,,UEHEM11549,https://www.facebook.com/groups/210657489350109/permalink/2394558170960019/
tracking_recap,TRACKING _ SEASON 11.xlsx,Sheet15,57,no_active_primary_match_for_mentee_code,,,UEHSF11011,https://www.facebook.com/groups/210657489350109/permalink/2394180447664458/
tracking_recap,TRACKING _ SEASON 11.xlsx,Sheet15,58,duplicate_recap_url,,,UEHEF11039,https://www.facebook.com/groups/210657489350109/permalink/2394172557665247/
tracking_recap,TRACKING _ SEASON 11.xlsx,Sheet15,59,duplicate_recap_url,,,UEHEF11030,https://www.facebook.com/groups/210657489350109/permalink/2394139941001842/
tracking_recap,TRACKING _ SEASON 11.xlsx,Sheet15,60,duplicate_recap_url,,,UEHEF11034,https://www.facebook.com/groups/210657489350109/permalink/2394035361012300/
tracking_recap,TRACKING _ SEASON 11.xlsx,Sheet15,61,duplicate_recap_url,,,UEHEM11585,https://www.facebook.com/groups/210657489350109/permalink/2393330134416156/
tracking_recap,TRACKING _ SEASON 11.xlsx,Sheet15,62,missing_meeting_date,,,UEHEM11545,https://www.facebook.com/groups/210657489350109/permalink/2393864371029399/
tracking_recap,TRACKING _ SEASON 11.xlsx,Sheet15,63,missing_mentee_code; no_active_primary_match_for_mentee_code,,,,https://www.facebook.com/groups/210657489350109/permalink/2393848391030997/
tracking_recap,TRACKING _ SEASON 11.xlsx,Sheet15,64,recap_type=other/unknown,,,,https://www.facebook.com/groups/210657489350109/permalink/2393811384368031/
tracking_recap,TRACKING _ SEASON 11.xlsx,Sheet15,65,duplicate_recap_url,,,UEHEF11392,https://www.facebook.com/groups/210657489350109/permalink/2393268607755642/
tracking_recap,TRACKING _ SEASON 11.xlsx,Sheet15,66,duplicate_recap_url,,,UEHEM11038,https://www.facebook.com/groups/210657489350109/permalink/2390449521370884/
tracking_recap,TRACKING _ SEASON 11.xlsx,Sheet15,67,duplicate_recap_url,,,UEHEF11263,https://www.facebook.com/groups/210657489350109/permalink/2393227687759734/
tracking_recap,TRACKING _ SEASON 11.xlsx,Sheet15,68,no_active_primary_match_for_mentee_code,,,UEHEM11641,https://www.facebook.com/groups/210657489350109/permalink/2393167364432433/
tracking_recap,TRACKING _ SEASON 11.xlsx,Sheet15,69,duplicate_recap_url,,,UEHEF11491,https://www.facebook.com/groups/210657489350109/permalink/2393137571102079/
tracking_recap,TRACKING _ SEASON 11.xlsx,Sheet15,70,duplicate_recap_url,,,UEHEM11187,https://www.facebook.com/groups/210657489350109/permalink/2392923907790112/
tracking_recap,TRACKING _ SEASON 11.xlsx,Sheet15,71,duplicate_recap_url,,,UEHEM11076,https://www.facebook.com/groups/210657489350109/permalink/2392909591124877/
tracking_recap,TRACKING _ SEASON 11.xlsx,Sheet15,72,duplicate_recap_url,,,UEHEF11241,https://www.facebook.com/groups/210657489350109/permalink/2392889237793579/
tracking_recap,TRACKING _ SEASON 11.xlsx,Sheet15,73,duplicate_recap_url,,,UEHEF11035,https://www.facebook.com/groups/210657489350109/permalink/2392816644467505/
tracking_recap,TRACKING _ SEASON 11.xlsx,Sheet15,74,duplicate_recap_url,,,UEHEM11603,https://www.facebook.com/groups/210657489350109/permalink/2392730924476077/
tracking_recap,TRACKING _ SEASON 11.xlsx,Sheet15,75,duplicate_recap_url,,,UEHEF11267,https://www.facebook.com/groups/210657489350109/permalink/2392478144501355/
tracking_recap,TRACKING _ SEASON 11.xlsx,Sheet15,76,no_active_primary_match_for_mentee_code,,,UEHEM11611,https://www.facebook.com/groups/210657489350109/permalink/2392384431177393/
tracking_recap,TRACKING _ SEASON 11.xlsx,Sheet15,77,duplicate_recap_url,,,UEHEF11287,https://www.facebook.com/groups/210657489350109/permalink/2392318501183986/
tracking_recap,TRACKING _ SEASON 11.xlsx,Sheet15,78,missing_meeting_date,,,UEHEM11168,https://www.facebook.com/groups/210657489350109/permalink/2392309701184866/
tracking_recap,TRACKING _ SEASON 11.xlsx,Sheet15,79,duplicate_recap_url,,,UEHEF11450,https://www.facebook.com/groups/210657489350109/permalink/2392286091187227/
tracking_recap,TRACKING _ SEASON 11.xlsx,Sheet15,80,missing_meeting_date,,,UEHEF11280,https://www.facebook.com/groups/210657489350109/permalink/2392204114528758/
tracking_recap,TRACKING _ SEASON 11.xlsx,Sheet15,81,duplicate_recap_url,,,UEHEF11143,https://www.facebook.com/groups/210657489350109/permalink/2392158131200023/
tracking_recap,TRACKING _ SEASON 11.xlsx,Sheet15,82,duplicate_recap_url,,,UEHEF11177,https://www.facebook.com/groups/210657489350109/permalink/2392135807868922/
tracking_recap,TRACKING _ SEASON 11.xlsx,Sheet15,83,duplicate_recap_url,,,UEHEM11210,https://www.facebook.com/groups/210657489350109/permalink/2392135047868998/
tracking_recap,TRACKING _ SEASON 11.xlsx,Sheet15,84,duplicate_recap_url,,,UEHEM11160,https://www.facebook.com/groups/210657489350109/permalink/2392132431202593/
tracking_recap,TRACKING _ SEASON 11.xlsx,Sheet15,85,duplicate_recap_url,,,UEHSF11004,https://www.facebook.com/groups/210657489350109/permalink/2392084344540735/
tracking_recap,TRACKING _ SEASON 11.xlsx,Sheet15,86,duplicate_recap_url,,,UEHEM11441,https://www.facebook.com/groups/210657489350109/permalink/2392052804543889/
tracking_recap,TRACKING _ SEASON 11.xlsx,Sheet15,87,duplicate_recap_url,,,UEHEF11238,https://www.facebook.com/groups/210657489350109/permalink/2392024004546769/
tracking_recap,TRACKING _ SEASON 11.xlsx,Sheet15,88,duplicate_recap_url,,,UEHEF11179,https://www.facebook.com/groups/210657489350109/permalink/2391988761216960/
tracking_recap,TRACKING _ SEASON 11.xlsx,Sheet15,89,duplicate_recap_url,,,UEHEM11261,https://www.facebook.com/groups/210657489350109/permalink/2391977091218127/
tracking_recap,TRACKING _ SEASON 11.xlsx,Sheet15,90,duplicate_recap_url,,,UEHEM11515,https://www.facebook.com/groups/210657489350109/permalink/2391654234583746/
tracking_recap,TRACKING _ SEASON 11.xlsx,Sheet15,91,missing_mentee_code; no_active_primary_match_for_mentee_code,,,,https://www.facebook.com/groups/210657489350109/permalink/2391623991253437/
tracking_recap,TRACKING _ SEASON 11.xlsx,Sheet15,92,duplicate_recap_url,,,UEHEF11455,https://www.facebook.com/groups/210657489350109/permalink/2391557354593434/
tracking_recap,TRACKING _ SEASON 11.xlsx,Sheet15,93,duplicate_recap_url,,,UEHEM11580,https://www.facebook.com/groups/210657489350109/permalink/2391540364595133/
tracking_recap,TRACKING _ SEASON 11.xlsx,Sheet15,94,duplicate_recap_url,,,UEHEM11553,https://www.facebook.com/groups/210657489350109/permalink/2391536721262164/
tracking_recap,TRACKING _ SEASON 11.xlsx,Sheet15,95,duplicate_recap_url,,,UEHEF11250,https://www.facebook.com/groups/210657489350109/permalink/2391515827930920/
tracking_recap,TRACKING _ SEASON 11.xlsx,Sheet15,96,duplicate_recap_url,,,UEHEF11221,https://www.facebook.com/groups/210657489350109/permalink/2391514647931038/
tracking_recap,TRACKING _ SEASON 11.xlsx,Sheet15,97,duplicate_recap_url,,,UEHEF11189,https://www.facebook.com/groups/210657489350109/permalink/2391512144597955/
tracking_recap,TRACKING _ SEASON 11.xlsx,Sheet15,98,no_active_primary_match_for_mentee_code,,,UEHEM11073,https://www.facebook.com/groups/210657489350109/permalink/2391471981268638/
tracking_recap,TRACKING _ SEASON 11.xlsx,Sheet15,99,duplicate_recap_url,,,UEHEF11036,https://www.facebook.com/groups/210657489350109/permalink/2391470621268774/
tracking_recap,TRACKING _ SEASON 11.xlsx,Sheet15,100,duplicate_recap_url,,,UEHEF11240,https://www.facebook.com/groups/210657489350109/permalink/2391423144606855/
tracking_recap,TRACKING _ SEASON 11.xlsx,Sheet15,101,missing_meeting_date,,,UEHEM11531,https://www.facebook.com/groups/210657489350109/permalink/2391409487941554/
tracking_recap,TRACKING _ SEASON 11.xlsx,Sheet15,102,missing_meeting_date; cross_mentoring_needs_mentor_review,,,UEHEF11136,https://www.facebook.com/groups/210657489350109/permalink/2391394714609698/
tracking_recap,TRACKING _ SEASON 11.xlsx,Sheet15,103,duplicate_recap_url,,,UEHEM11257,https://www.facebook.com/groups/210657489350109/permalink/2391380037944499/
tracking_recap,TRACKING _ SEASON 11.xlsx,Sheet15,104,duplicate_recap_url,,,UEHEM11529,https://www.facebook.com/groups/210657489350109/permalink/2391267201289116/
tracking_recap,TRACKING _ SEASON 11.xlsx,Sheet15,105,duplicate_recap_url,,,UEHEF11408,https://www.facebook.com/groups/210657489350109/permalink/2391191747963328/
tracking_recap,TRACKING _ SEASON 11.xlsx,Sheet15,106,missing_meeting_date,,,UEHEF11135,https://www.facebook.com/groups/210657489350109/permalink/2391166654632504/
tracking_recap,TRACKING _ SEASON 11.xlsx,Sheet15,107,duplicate_recap_url,,,UEHEM11053,https://www.facebook.com/groups/210657489350109/permalink/2391131221302714/
tracking_recap,TRACKING _ SEASON 11.xlsx,Sheet15,108,no_active_primary_match_for_mentee_code,,,UEHEF11289,https://www.facebook.com/groups/210657489350109/permalink/2391105637971939/
tracking_recap,TRACKING _ SEASON 11.xlsx,Sheet15,109,duplicate_recap_url,,,UEHEF11468,https://www.facebook.com/groups/210657489350109/permalink/2391099327972570/
tracking_recap,TRACKING _ SEASON 11.xlsx,Sheet15,110,duplicate_recap_url,,,UEHEM11621,https://www.facebook.com/groups/210657489350109/permalink/2391077557974747/
tracking_recap,TRACKING _ SEASON 11.xlsx,Sheet15,111,duplicate_recap_url,,,UEHEF11011,https://www.facebook.com/groups/210657489350109/permalink/2391036044645565/
tracking_recap,TRACKING _ SEASON 11.xlsx,Sheet15,112,duplicate_recap_url,,,UEHEF11012,https://www.facebook.com/groups/210657489350109/permalink/2390760421339794/
tracking_recap,TRACKING _ SEASON 11.xlsx,Sheet15,113,cross_mentoring_needs_mentor_review,,,UEHEF11341,https://www.facebook.com/groups/210657489350109/permalink/2390595241356312/
tracking_recap,TRACKING _ SEASON 11.xlsx,Sheet15,114,duplicate_recap_url,,,UEHEF11117,https://www.facebook.com/groups/210657489350109/permalink/2390588761356960/
tracking_recap,TRACKING _ SEASON 11.xlsx,Sheet15,115,duplicate_recap_url,,,UEHEM11535,https://www.facebook.com/groups/210657489350109/permalink/2390481471367689/
tracking_recap,TRACKING _ SEASON 11.xlsx,Sheet15,116,duplicate_recap_url,,,UEHEM11602,https://www.facebook.com/groups/210657489350109/permalink/2390438458038657/
tracking_recap,TRACKING _ SEASON 11.xlsx,Sheet15,117,duplicate_recap_url,,,UEHEF11052,https://www.facebook.com/groups/210657489350109/permalink/2390412821374554/
tracking_recap,TRACKING _ SEASON 11.xlsx,Sheet15,118,missing_mentee_code; missing_meeting_date; no_active_primary_match_for_mentee_code; cross_mentoring_needs_mentor_review,,,,https://www.facebook.com/groups/210657489350109/permalink/2390404598042043/
tracking_recap,TRACKING _ SEASON 11.xlsx,Sheet15,119,duplicate_recap_url,,,UEHEF11190,https://www.facebook.com/groups/210657489350109/permalink/2390396921376144/
tracking_recap,TRACKING _ SEASON 11.xlsx,Sheet15,120,duplicate_recap_url,,,UEHEF11231,https://www.facebook.com/groups/210657489350109/permalink/2390320284717141/
tracking_recap,TRACKING _ SEASON 11.xlsx,Sheet15,121,duplicate_recap_url,,,UEHEM11482,https://www.facebook.com/groups/210657489350109/permalink/2390296114719558/
tracking_recap,TRACKING _ SEASON 11.xlsx,Sheet15,122,duplicate_recap_url,,,UEHEF11273,https://www.facebook.com/groups/210657489350109/permalink/2390289278053575/
tracking_recap,TRACKING _ SEASON 11.xlsx,Sheet15,123,duplicate_recap_url,,,UEHEM11083,https://www.facebook.com/groups/210657489350109/permalink/2390232341392602/
tracking_recap,TRACKING _ SEASON 11.xlsx,Sheet15,124,missing_meeting_date; no_active_primary_match_for_mentee_code,,,UEHRM06011,https://www.facebook.com/groups/210657489350109/permalink/2389739584775211/
tracking_recap,TRACKING _ SEASON 11.xlsx,Sheet15,125,duplicate_recap_url,,,UEHEF11318,https://www.facebook.com/groups/210657489350109/permalink/2389663421449494/
tracking_recap,TRACKING _ SEASON 11.xlsx,Sheet15,126,duplicate_recap_url,,,UEHEF11256,https://www.facebook.com/groups/210657489350109/permalink/2389663154782854/
tracking_recap,TRACKING _ SEASON 11.xlsx,Sheet15,127,duplicate_recap_url,,,UEHEM11630,https://www.facebook.com/groups/210657489350109/permalink/2389628638119639/
tracking_recap,TRACKING _ SEASON 11.xlsx,Sheet15,128,duplicate_recap_url,,,UEHEF11346,https://www.facebook.com/groups/210657489350109/permalink/2389561828126320/
tracking_recap,TRACKING _ SEASON 11.xlsx,Sheet15,129,missing_meeting_date,,,UEHEM11003,https://www.facebook.com/groups/210657489350109/permalink/2389430714806098/
tracking_recap,TRACKING _ SEASON 11.xlsx,Sheet15,130,missing_meeting_date,,,UEHEM11361,https://www.facebook.com/groups/210657489350109/permalink/2389411881474648/
tracking_recap,TRACKING _ SEASON 11.xlsx,Sheet15,131,duplicate_recap_url,,,UEHEF11460,https://www.facebook.com/groups/210657489350109/permalink/2389361794812990/
tracking_recap,TRACKING _ SEASON 11.xlsx,Sheet15,132,duplicate_recap_url,,,UEHEM11255,https://www.facebook.com/groups/210657489350109/permalink/2386749281740908/
tracking_recap,TRACKING _ SEASON 11.xlsx,Sheet15,133,duplicate_recap_url,,,UEHEF11205,https://www.facebook.com/groups/210657489350109/permalink/2389295584819611/
tracking_recap,TRACKING _ SEASON 11.xlsx,Sheet15,134,duplicate_recap_url,,,UEHEF11215,https://www.facebook.com/groups/210657489350109/permalink/2388926911523145/
tracking_recap,TRACKING _ SEASON 11.xlsx,Sheet15,135,duplicate_recap_url,,,UEHEM11543,https://www.facebook.com/groups/210657489350109/permalink/2388850754864094/
tracking_recap,TRACKING _ SEASON 11.xlsx,Sheet15,136,duplicate_recap_url,,,UEHEF11290,https://www.facebook.com/groups/210657489350109/permalink/2388819244867245/
tracking_recap,TRACKING _ SEASON 11.xlsx,Sheet15,137,missing_meeting_date,,,UEHEF11069,https://www.facebook.com/groups/210657489350109/permalink/2388816384867531/
tracking_recap,TRACKING _ SEASON 11.xlsx,Sheet15,138,duplicate_recap_url,,,UEHEM11276,https://www.facebook.com/groups/210657489350109/permalink/2388745924874577/
tracking_recap,TRACKING _ SEASON 11.xlsx,Sheet15,139,duplicate_recap_url,,,UEHEF11494,https://www.facebook.com/groups/210657489350109/permalink/2388744628208040/
tracking_recap,TRACKING _ SEASON 11.xlsx,Sheet15,140,missing_mentee_code; no_active_primary_match_for_mentee_code,,,,https://www.facebook.com/groups/210657489350109/permalink/2388726128209890/
tracking_recap,TRACKING _ SEASON 11.xlsx,Sheet15,141,duplicate_recap_url,,,UEHEF11060,https://www.facebook.com/groups/210657489350109/permalink/2388715511544285/
tracking_recap,TRACKING _ SEASON 11.xlsx,Sheet15,142,duplicate_recap_url,,,UEHEM11570,https://www.facebook.com/groups/210657489350109/permalink/2388700331545803/
tracking_recap,TRACKING _ SEASON 11.xlsx,Sheet15,143,duplicate_recap_url,,,UEHEF11420,https://www.facebook.com/groups/210657489350109/permalink/2388642744884895/
tracking_recap,TRACKING _ SEASON 11.xlsx,Sheet15,144,duplicate_recap_url,,,UEHEF11342,https://www.facebook.com/groups/210657489350109/permalink/2388622728220230/
tracking_recap,TRACKING _ SEASON 11.xlsx,Sheet15,145,duplicate_recap_url,,,UEHEM11577,https://www.facebook.com/groups/210657489350109/permalink/2388576184891551/
tracking_recap,TRACKING _ SEASON 11.xlsx,Sheet15,146,duplicate_recap_url,,,UEHEM11526,https://www.facebook.com/groups/210657489350109/permalink/2388532391562597/
tracking_recap,TRACKING _ SEASON 11.xlsx,Sheet15,147,duplicate_recap_url,,,UEHEF11342,https://www.facebook.com/groups/210657489350109/permalink/2388516551564181/
tracking_recap,TRACKING _ SEASON 11.xlsx,Sheet15,148,duplicate_recap_url,,,UEHEF11123,https://www.facebook.com/groups/210657489350109/permalink/2388511501564686/
tracking_recap,TRACKING _ SEASON 11.xlsx,Sheet15,149,duplicate_recap_url,,,UEHEF11015,https://www.facebook.com/groups/210657489350109/permalink/2388449478237555/
tracking_recap,TRACKING _ SEASON 11.xlsx,Sheet15,150,duplicate_recap_url,,,UEHEM11094,https://www.facebook.com/groups/210657489350109/permalink/2388423628240140/
tracking_recap,TRACKING _ SEASON 11.xlsx,Sheet15,151,duplicate_recap_url,,,UEHEM11609,https://www.facebook.com/groups/210657489350109/permalink/2388412244907945/
tracking_recap,TRACKING _ SEASON 11.xlsx,Sheet15,152,recap_type=other/unknown,,,,https://www.facebook.com/groups/210657489350109/permalink/2388406304908539/
tracking_recap,TRACKING _ SEASON 11.xlsx,Sheet15,153,duplicate_recap_url,,,UEHEF11197,https://www.facebook.com/groups/210657489350109/permalink/2388404481575388/
tracking_recap,TRACKING _ SEASON 11.xlsx,Sheet15,154,no_active_primary_match_for_mentee_code,,,UEHEF11182,https://www.facebook.com/groups/210657489350109/permalink/2388361491579687/
tracking_recap,TRACKING _ SEASON 11.xlsx,Sheet15,155,duplicate_recap_url,,,UEHEM11640,https://www.facebook.com/groups/210657489350109/permalink/2388351051580731/
tracking_recap,TRACKING _ SEASON 11.xlsx,Sheet15,156,duplicate_recap_url,,,UEHEM11046,https://www.facebook.com/groups/210657489350109/permalink/2388350124914157/
tracking_recap,TRACKING _ SEASON 11.xlsx,Sheet15,157,duplicate_recap_url,,,UEHEM11616,https://www.facebook.com/groups/210657489350109/permalink/2388310128251490/
tracking_recap,TRACKING _ SEASON 11.xlsx,Sheet15,158,duplicate_recap_url,,,UEHEM11483,https://www.facebook.com/groups/210657489350109/permalink/2388293944919775/
tracking_recap,TRACKING _ SEASON 11.xlsx,Sheet15,159,no_active_primary_match_for_mentee_code,,,UEHEF11119,https://www.facebook.com/groups/210657489350109/permalink/2388091491606687/
tracking_recap,TRACKING _ SEASON 11.xlsx,Sheet15,160,duplicate_recap_url,,,UEHEM11618,https://www.facebook.com/groups/210657489350109/permalink/2388051768277326/
tracking_recap,TRACKING _ SEASON 11.xlsx,Sheet15,161,duplicate_recap_url,,,UEHEM11041,https://www.facebook.com/groups/210657489350109/permalink/2388032311612605/
tracking_recap,TRACKING _ SEASON 11.xlsx,Sheet15,162,duplicate_recap_url,,,UEHEM11440,https://www.facebook.com/groups/210657489350109/permalink/2388024331613403/
tracking_recap,TRACKING _ SEASON 11.xlsx,Sheet15,163,duplicate_recap_url,,,UEHEM11567,https://www.facebook.com/groups/210657489350109/permalink/2388010284948141/
tracking_recap,TRACKING _ SEASON 11.xlsx,Sheet15,164,duplicate_recap_url,,,UEHEM11520,https://www.facebook.com/groups/210657489350109/permalink/2388004471615389/
tracking_recap,TRACKING _ SEASON 11.xlsx,Sheet15,165,duplicate_recap_url,,,UEHEF11495,https://www.facebook.com/groups/210657489350109/permalink/2387985134950656/
tracking_recap,TRACKING _ SEASON 11.xlsx,Sheet15,166,duplicate_recap_url,,,UEHEF11406,https://www.facebook.com/groups/210657489350109/permalink/2387966638285839/
tracking_recap,TRACKING _ SEASON 11.xlsx,Sheet15,167,duplicate_recap_url,,,UEHEF11399,https://www.facebook.com/groups/210657489350109/permalink/2387952351620601/
tracking_recap,TRACKING _ SEASON 11.xlsx,Sheet15,168,duplicate_recap_url,,,UEHEF11040,https://www.facebook.com/groups/210657489350109/permalink/2387942491621587/
tracking_recap,TRACKING _ SEASON 11.xlsx,Sheet15,169,duplicate_recap_url,,,UEHEF11495,https://www.facebook.com/groups/210657489350109/permalink/2387941061621730/
tracking_recap,TRACKING _ SEASON 11.xlsx,Sheet15,170,duplicate_recap_url,,,UEHEM11120,https://www.facebook.com/groups/210657489350109/permalink/2387916328290870/
tracking_recap,TRACKING _ SEASON 11.xlsx,Sheet15,171,duplicate_recap_url,,,UEHEM11349,https://www.facebook.com/groups/210657489350109/permalink/2387915374957632/
tracking_recap,TRACKING _ SEASON 11.xlsx,Sheet15,172,duplicate_recap_url,,,UEHEM11324,https://www.facebook.com/groups/210657489350109/permalink/2387908774958292/
tracking_recap,TRACKING _ SEASON 11.xlsx,Sheet15,173,duplicate_recap_url,,,UEHEF11303,https://www.facebook.com/groups/210657489350109/permalink/2387743894974780/
tracking_recap,TRACKING _ SEASON 11.xlsx,Sheet15,174,duplicate_recap_url,,,UEHEM11613,https://www.facebook.com/groups/210657489350109/permalink/2387732304975939/
tracking_recap,TRACKING _ SEASON 11.xlsx,Sheet15,175,duplicate_recap_url,,,UEHEM11583,https://www.facebook.com/groups/210657489350109/permalink/2387687301647106/
tracking_recap,TRACKING _ SEASON 11.xlsx,Sheet15,176,no_active_primary_match_for_mentee_code,,,UEHEM11454,https://www.facebook.com/groups/210657489350109/permalink/2387596398322863/
tracking_recap,TRACKING _ SEASON 11.xlsx,Sheet15,177,duplicate_recap_url,,,UEHEM11508,https://www.facebook.com/groups/210657489350109/permalink/2387584018324101/
tracking_recap,TRACKING _ SEASON 11.xlsx,Sheet15,178,duplicate_recap_url,,,UEHEF11059,https://www.facebook.com/groups/210657489350109/permalink/2387551464994023/
tracking_recap,TRACKING _ SEASON 11.xlsx,Sheet15,179,duplicate_recap_url,,,UEHEF11396,https://www.facebook.com/groups/210657489350109/permalink/2387541044995065/
tracking_recap,TRACKING _ SEASON 11.xlsx,Sheet15,180,duplicate_recap_url,,,UEHEM11524,https://www.facebook.com/groups/210657489350109/permalink/2387523201663516/
tracking_recap,TRACKING _ SEASON 11.xlsx,Sheet15,181,duplicate_recap_url,,,UEHEF11297,https://www.facebook.com/groups/210657489350109/permalink/2387485731667263/
tracking_recap,TRACKING _ SEASON 11.xlsx,Sheet15,182,duplicate_recap_url,,,UEHEF11026,https://www.facebook.com/groups/210657489350109/permalink/2387452898337213/
tracking_recap,TRACKING _ SEASON 11.xlsx,Sheet15,183,duplicate_recap_url,,,UEHEM11183,https://www.facebook.com/groups/210657489350109/permalink/2387212795027890/
tracking_recap,TRACKING _ SEASON 11.xlsx,Sheet15,184,duplicate_recap_url,,,UEHEF11398,https://www.facebook.com/groups/210657489350109/permalink/2387168785032291/
tracking_recap,TRACKING _ SEASON 11.xlsx,Sheet15,185,duplicate_recap_url,,,UEHEM11508,https://www.facebook.com/groups/210657489350109/permalink/2387167781699058/
tracking_recap,TRACKING _ SEASON 11.xlsx,Sheet15,186,duplicate_recap_url,,,UEHEM11489,https://www.facebook.com/groups/210657489350109/permalink/2387146581701178/
tracking_recap,TRACKING _ SEASON 11.xlsx,Sheet15,187,duplicate_recap_url,,,UEHEF11343,https://www.facebook.com/groups/210657489350109/permalink/2387131511702685/
tracking_recap,TRACKING _ SEASON 11.xlsx,Sheet15,188,duplicate_recap_url,,,UEHEF11265,https://www.facebook.com/groups/210657489350109/permalink/2387123558370147/
tracking_recap,TRACKING _ SEASON 11.xlsx,Sheet15,189,duplicate_recap_url,,,UEHEF11297,https://www.facebook.com/groups/210657489350109/permalink/2387123261703510/
tracking_recap,TRACKING _ SEASON 11.xlsx,Sheet15,190,duplicate_recap_url,,,UEHEF11376,https://www.facebook.com/groups/210657489350109/permalink/2387105755038594/
tracking_recap,TRACKING _ SEASON 11.xlsx,Sheet15,191,duplicate_recap_url,,,UEHEM11013,https://www.facebook.com/groups/210657489350109/permalink/2387096711706165/
tracking_recap,TRACKING _ SEASON 11.xlsx,Sheet15,192,duplicate_recap_url,,,UEHEF11308,https://www.facebook.com/groups/210657489350109/permalink/2387085028374000/
tracking_recap,TRACKING _ SEASON 11.xlsx,Sheet15,193,duplicate_recap_url,,,UEHEM11121,https://www.facebook.com/groups/210657489350109/permalink/2387077735041396/
tracking_recap,TRACKING _ SEASON 11.xlsx,Sheet15,194,missing_meeting_date,,,UEHEF11229,https://www.facebook.com/groups/210657489350109/permalink/2386984718384031/
tracking_recap,TRACKING _ SEASON 11.xlsx,Sheet15,195,missing_meeting_date,,,UEHSM11003,https://www.facebook.com/groups/210657489350109/permalink/2386942881721548/
tracking_recap,TRACKING _ SEASON 11.xlsx,Sheet15,196,duplicate_recap_url,,,UEHEF11146,https://www.facebook.com/groups/210657489350109/permalink/2386896428392860/
tracking_recap,TRACKING _ SEASON 11.xlsx,Sheet15,197,duplicate_recap_url,,,UEHEF11233,https://www.facebook.com/groups/210657489350109/permalink/2386876921728144/
tracking_recap,TRACKING _ SEASON 11.xlsx,Sheet15,198,duplicate_recap_url,,,UEHEM11564,https://www.facebook.com/groups/210657489350109/permalink/2386863248396178/
tracking_recap,TRACKING _ SEASON 11.xlsx,Sheet15,199,duplicate_recap_url,,,UEHEM11610,https://www.facebook.com/groups/210657489350109/permalink/2386831095066060/
tracking_recap,TRACKING _ SEASON 11.xlsx,Sheet15,200,duplicate_recap_url,,,UEHEM11048,https://www.facebook.com/groups/210657489350109/permalink/2386809291734907/
tracking_recap,TRACKING _ SEASON 11.xlsx,Sheet15,201,missing_meeting_date,,,UEHEF11316,https://www.facebook.com/groups/210657489350109/permalink/2386774168405086/
tracking_recap,TRACKING _ SEASON 11.xlsx,Sheet15,202,duplicate_recap_url,,,UEHEM11632,https://www.facebook.com/groups/210657489350109/permalink/2386770851738751/
tracking_recap,TRACKING _ SEASON 11.xlsx,Sheet15,203,missing_meeting_date,,,UEHEF11236,https://www.facebook.com/groups/210657489350109/permalink/2386765405072629/
tracking_recap,TRACKING _ SEASON 11.xlsx,Sheet15,204,duplicate_recap_url,,,UEHEM11155,https://www.facebook.com/groups/210657489350109/permalink/2383153768767126/
tracking_recap,TRACKING _ SEASON 11.xlsx,Sheet15,205,duplicate_recap_url,,,UEHEM11204,https://www.facebook.com/groups/210657489350109/permalink/2383990555350114/
tracking_recap,TRACKING _ SEASON 11.xlsx,Sheet15,206,duplicate_recap_url,,,UEHEF11484,https://www.facebook.com/groups/210657489350109/permalink/2385370938545409/
tracking_recap,TRACKING _ SEASON 11.xlsx,Sheet15,207,missing_mentee_code; no_active_primary_match_for_mentee_code,,,,https://www.facebook.com/groups/210657489350109/permalink/2385969955152174/
tracking_recap,TRACKING _ SEASON 11.xlsx,Sheet15,208,missing_mentee_code; missing_meeting_date; no_active_primary_match_for_mentee_code,,,,https://www.facebook.com/groups/210657489350109/permalink/2386697438412759/
tracking_recap,TRACKING _ SEASON 11.xlsx,Sheet15,209,duplicate_recap_url,,,UEHEF11151,https://www.facebook.com/groups/210657489350109/permalink/2386695275079642/
tracking_recap,TRACKING _ SEASON 11.xlsx,Sheet15,210,duplicate_recap_url,,,UEHSM11012,https://www.facebook.com/groups/210657489350109/permalink/2386693088413194/
tracking_recap,TRACKING _ SEASON 11.xlsx,Sheet15,211,duplicate_recap_url,,,UEHEM11547,https://www.facebook.com/groups/210657489350109/permalink/2386683661747470/
tracking_recap,TRACKING _ SEASON 11.xlsx,Sheet15,212,duplicate_recap_url,,,UEHEM11639,https://www.facebook.com/groups/210657489350109/permalink/2386671761748660/
tracking_recap,TRACKING _ SEASON 11.xlsx,Sheet15,213,duplicate_recap_url,,,UEHEM11563,https://www.facebook.com/groups/210657489350109/permalink/2386636665085503/
tracking_recap,TRACKING _ SEASON 11.xlsx,Sheet15,214,duplicate_recap_url,,,UEHEF11305,https://www.facebook.com/groups/210657489350109/permalink/2386636318418871/
tracking_recap,TRACKING _ SEASON 11.xlsx,Sheet15,215,duplicate_recap_url,,,UEHEM11605,https://www.facebook.com/groups/210657489350109/permalink/2386597675089402/
tracking_recap,TRACKING _ SEASON 11.xlsx,Sheet15,216,duplicate_recap_url,,,UEHEF11317,https://www.facebook.com/groups/210657489350109/permalink/2386552431760593/
tracking_recap,TRACKING _ SEASON 11.xlsx,Sheet15,217,duplicate_recap_url,,,UEHEF11252,https://www.facebook.com/groups/210657489350109/permalink/2386496791766157/
tracking_recap,TRACKING _ SEASON 11.xlsx,Sheet15,218,duplicate_recap_url,,,UEHEF11130,https://www.facebook.com/groups/210657489350109/permalink/2386399468442556/
tracking_recap,TRACKING _ SEASON 11.xlsx,Sheet15,219,duplicate_recap_url,,,UEHEF11502,https://www.facebook.com/groups/210657489350109/permalink/2386327545116415/
tracking_recap,TRACKING _ SEASON 11.xlsx,Sheet15,220,duplicate_recap_url,,,UEHEF11021,https://www.facebook.com/groups/210657489350109/permalink/2386308601784976/
tracking_recap,TRACKING _ SEASON 11.xlsx,Sheet15,221,duplicate_recap_url,,,UEHEM11565,https://www.facebook.com/groups/210657489350109/permalink/2386303255118844/
tracking_recap,TRACKING _ SEASON 11.xlsx,Sheet15,222,duplicate_recap_url,,,UEHSF11001,https://www.facebook.com/groups/210657489350109/permalink/2386123718470131/
tracking_recap,TRACKING _ SEASON 11.xlsx,Sheet15,223,duplicate_recap_url,,,UEHEM11644,https://www.facebook.com/groups/210657489350109/permalink/2386100651805771/
tracking_recap,TRACKING _ SEASON 11.xlsx,Sheet15,224,missing_meeting_date,,,UEHEM11573,https://www.facebook.com/groups/210657489350109/permalink/2386063675142802/
tracking_recap,TRACKING _ SEASON 11.xlsx,Sheet15,225,duplicate_recap_url,,,UEHSF11009,https://www.facebook.com/groups/210657489350109/permalink/2386046028477900/
tracking_recap,TRACKING _ SEASON 11.xlsx,Sheet15,226,duplicate_recap_url,,,UEHEF11279,https://www.facebook.com/groups/210657489350109/permalink/2386024028480100/
tracking_recap,TRACKING _ SEASON 11.xlsx,Sheet15,227,no_active_primary_match_for_mentee_code,,,UEHEF11126,https://www.facebook.com/groups/210657489350109/permalink/2385945705154599/
tracking_recap,TRACKING _ SEASON 11.xlsx,Sheet15,228,duplicate_recap_url,,,UEHEF11329,https://www.facebook.com/groups/210657489350109/permalink/2385935941822242/
tracking_recap,TRACKING _ SEASON 11.xlsx,Sheet15,229,no_active_primary_match_for_mentee_code,,,UEHM11473,https://www.facebook.com/groups/210657489350109/permalink/2385787868503716/
tracking_recap,TRACKING _ SEASON 11.xlsx,Sheet15,230,duplicate_recap_url,,,UEHEM11591,https://www.facebook.com/groups/210657489350109/permalink/2385728068509696/
tracking_recap,TRACKING _ SEASON 11.xlsx,Sheet15,231,duplicate_recap_url,,,UEHEF11504,https://www.facebook.com/groups/210657489350109/permalink/2385674401848396/
tracking_recap,TRACKING _ SEASON 11.xlsx,Sheet15,232,duplicate_recap_url,,,UEHEM11084,https://www.facebook.com/groups/210657489350109/permalink/2385465095202660/
tracking_recap,TRACKING _ SEASON 11.xlsx,Sheet15,233,duplicate_recap_url,,,UEHEM11619,https://www.facebook.com/groups/210657489350109/permalink/2385422491873587/
tracking_recap,TRACKING _ SEASON 11.xlsx,Sheet15,234,duplicate_recap_url,,,UEHEM11186,https://www.facebook.com/groups/210657489350109/permalink/2385422178540285/
tracking_recap,TRACKING _ SEASON 11.xlsx,Sheet15,235,duplicate_recap_url,,,UEHEF11214,https://www.facebook.com/groups/210657489350109/permalink/2385415811874255/
tracking_recap,TRACKING _ SEASON 11.xlsx,Sheet15,236,duplicate_recap_url,,,UEHEF11054,https://www.facebook.com/groups/210657489350109/permalink/2385415745207595/
tracking_recap,TRACKING _ SEASON 11.xlsx,Sheet15,237,duplicate_recap_url,,,UEHEM11160,https://www.facebook.com/groups/210657489350109/permalink/2385407128541790/
tracking_recap,TRACKING _ SEASON 11.xlsx,Sheet15,238,duplicate_recap_url,,,UEHEF11195,https://www.facebook.com/groups/210657489350109/permalink/2385380685211101/
tracking_recap,TRACKING _ SEASON 11.xlsx,Sheet15,239,duplicate_recap_url,,,UEHEM11029,https://www.facebook.com/groups/210657489350109/permalink/2385374621878374/
tracking_recap,TRACKING _ SEASON 11.xlsx,Sheet15,240,duplicate_recap_url,,,UEHEM11081,https://www.facebook.com/groups/210657489350109/permalink/2385373278545175/
tracking_recap,TRACKING _ SEASON 11.xlsx,Sheet15,241,duplicate_recap_url,,,UEHEM11159,https://www.facebook.com/groups/210657489350109/permalink/2385370871878749/
tracking_recap,TRACKING _ SEASON 11.xlsx,Sheet15,242,duplicate_recap_url,,,UEHEF11378,https://www.facebook.com/groups/210657489350109/permalink/2385364715212698/
tracking_recap,TRACKING _ SEASON 11.xlsx,Sheet15,243,cross_mentoring_needs_mentor_review,,,UEHEF11270,https://www.facebook.com/groups/210657489350109/permalink/2385344398548063/
tracking_recap,TRACKING _ SEASON 11.xlsx,Sheet15,244,missing_mentee_code; missing_meeting_date; no_active_primary_match_for_mentee_code,,,,https://www.facebook.com/groups/210657489350109/permalink/2385303731885463/
tracking_recap,TRACKING _ SEASON 11.xlsx,Sheet15,245,duplicate_recap_url,,,UEHEM11103,https://www.facebook.com/groups/210657489350109/permalink/2385262478556255/
tracking_recap,TRACKING _ SEASON 11.xlsx,Sheet15,246,duplicate_recap_url,,,UEHEM11507,https://www.facebook.com/groups/210657489350109/permalink/2385246878557815/
tracking_recap,TRACKING _ SEASON 11.xlsx,Sheet15,247,duplicate_recap_url,,,UEHEF11379,https://www.facebook.com/groups/210657489350109/permalink/2385237838558719/
tracking_recap,TRACKING _ SEASON 11.xlsx,Sheet15,248,missing_meeting_date,,,UEHSF11002,https://www.facebook.com/groups/210657489350109/permalink/2385219745227195/
tracking_recap,TRACKING _ SEASON 11.xlsx,Sheet15,249,duplicate_recap_url,,,UEHEM11469,https://www.facebook.com/groups/210657489350109/permalink/2385177171898119/
tracking_recap,TRACKING _ SEASON 11.xlsx,Sheet15,250,duplicate_recap_url,,,UEHEF11031,https://www.facebook.com/groups/210657489350109/permalink/2385166968565806/
tracking_recap,TRACKING _ SEASON 11.xlsx,Sheet15,251,duplicate_recap_url,,,UEHEF11395,https://www.facebook.com/groups/210657489350109/permalink/2385166281899208/
tracking_recap,TRACKING _ SEASON 11.xlsx,Sheet15,252,duplicate_recap_url,,,UEHEF11091,https://www.facebook.com/groups/210657489350109/permalink/2385117138570789/
tracking_recap,TRACKING _ SEASON 11.xlsx,Sheet15,253,duplicate_recap_url,,,UEHEM11428,https://www.facebook.com/groups/210657489350109/permalink/2385111698571333/
tracking_recap,TRACKING _ SEASON 11.xlsx,Sheet15,254,duplicate_recap_url,,,UEHEM11626,https://www.facebook.com/groups/210657489350109/permalink/2385083975240772/
tracking_recap,TRACKING _ SEASON 11.xlsx,Sheet15,255,duplicate_recap_url,,,UEHEF11400,https://www.facebook.com/groups/210657489350109/permalink/2385061005243069/
tracking_recap,TRACKING _ SEASON 11.xlsx,Sheet15,256,duplicate_recap_url,,,UEHEF11367,https://www.facebook.com/groups/210657489350109/permalink/2385031828579320/
tracking_recap,TRACKING _ SEASON 11.xlsx,Sheet15,257,duplicate_recap_url,,,UEHEM11554,https://www.facebook.com/groups/210657489350109/permalink/2385002601915576/
tracking_recap,TRACKING _ SEASON 11.xlsx,Sheet15,258,missing_meeting_date,,,UEHEF11382,https://www.facebook.com/groups/210657489350109/permalink/2384898995259270/
tracking_recap,TRACKING _ SEASON 11.xlsx,Sheet15,259,duplicate_recap_url,,,UEHEF11118,https://www.facebook.com/groups/210657489350109/permalink/2384872488595254/
tracking_recap,TRACKING _ SEASON 11.xlsx,Sheet15,260,duplicate_recap_url,,,UEHEF11006,https://www.facebook.com/groups/210657489350109/permalink/2384838088598694/
tracking_recap,TRACKING _ SEASON 11.xlsx,Sheet15,261,duplicate_recap_url,,,UEHEM11433,https://www.facebook.com/groups/210657489350109/permalink/2384812595267910/
tracking_recap,TRACKING _ SEASON 11.xlsx,Sheet15,262,duplicate_recap_url,,,UEHEF11243,https://www.facebook.com/groups/210657489350109/permalink/2384810571934779/
tracking_recap,TRACKING _ SEASON 11.xlsx,Sheet15,263,cross_mentoring_needs_mentor_review,,,UEHEF11254,https://www.facebook.com/groups/210657489350109/permalink/2384810508601452/
tracking_recap,TRACKING _ SEASON 11.xlsx,Sheet15,264,missing_meeting_date,,,UEHEM11587,https://www.facebook.com/groups/210657489350109/permalink/2384809478601555/
tracking_recap,TRACKING _ SEASON 11.xlsx,Sheet15,265,duplicate_recap_url,,,UEHEF11284,https://www.facebook.com/groups/210657489350109/permalink/2384804938602009/
tracking_recap,TRACKING _ SEASON 11.xlsx,Sheet15,266,missing_meeting_date,,,UEHEF11107,https://www.facebook.com/groups/210657489350109/permalink/2384791571936679/
tracking_recap,TRACKING _ SEASON 11.xlsx,Sheet15,267,duplicate_recap_url,,,UEHEF11106,https://www.facebook.com/groups/210657489350109/permalink/2384696875279482/
tracking_recap,TRACKING _ SEASON 11.xlsx,Sheet15,268,missing_mentee_code; no_active_primary_match_for_mentee_code,,,,https://www.facebook.com/groups/210657489350109/permalink/2384657288616774/
tracking_recap,TRACKING _ SEASON 11.xlsx,Sheet15,269,duplicate_recap_url,,,UEHEF11142,https://www.facebook.com/groups/210657489350109/permalink/2384496748632828/
tracking_recap,TRACKING _ SEASON 11.xlsx,Sheet15,270,duplicate_recap_url,,,UEHEM11149,https://www.facebook.com/groups/210657489350109/permalink/2384453001970536/
tracking_recap,TRACKING _ SEASON 11.xlsx,Sheet15,271,duplicate_recap_url,,,UEHEM11260,https://www.facebook.com/groups/210657489350109/permalink/2384428508639652/
tracking_recap,TRACKING _ SEASON 11.xlsx,Sheet15,272,duplicate_recap_url,,,UEHEF11051,https://www.facebook.com/groups/210657489350109/permalink/2384401648642338/
tracking_recap,TRACKING _ SEASON 11.xlsx,Sheet15,273,duplicate_recap_url,,,UEHEM11625,https://www.facebook.com/groups/210657489350109/permalink/2384393458643157/
tracking_recap,TRACKING _ SEASON 11.xlsx,Sheet15,274,duplicate_recap_url,,,UEHEM11634,https://www.facebook.com/groups/210657489350109/permalink/2384367478645755/
tracking_recap,TRACKING _ SEASON 11.xlsx,Sheet15,275,no_active_primary_match_for_mentee_code,,,UEHEF11044,https://www.facebook.com/groups/210657489350109/permalink/2384280878654415/
tracking_recap,TRACKING _ SEASON 11.xlsx,Sheet15,276,duplicate_recap_url,,,UEHEM11049,https://www.facebook.com/groups/210657489350109/permalink/2384272941988542/
tracking_recap,TRACKING _ SEASON 11.xlsx,Sheet15,277,duplicate_recap_url,,,UEHEF11133,https://www.facebook.com/groups/210657489350109/permalink/2384245648657938/
tracking_recap,TRACKING _ SEASON 11.xlsx,Sheet15,278,duplicate_recap_url,,,UEHEM11566,https://www.facebook.com/groups/210657489350109/permalink/2384232928659210/
tracking_recap,TRACKING _ SEASON 11.xlsx,Sheet15,279,duplicate_recap_url,,,UEHEF11216,https://www.facebook.com/groups/210657489350109/permalink/2384230188659484/
tracking_recap,TRACKING _ SEASON 11.xlsx,Sheet15,280,duplicate_recap_url,,,UEHEM11075,https://www.facebook.com/groups/210657489350109/permalink/2384229711992865/
tracking_recap,TRACKING _ SEASON 11.xlsx,Sheet15,281,no_active_primary_match_for_mentee_code,,,UEHEM11116,https://www.facebook.com/groups/210657489350109/permalink/2384218358660667/
tracking_recap,TRACKING _ SEASON 11.xlsx,Sheet15,282,duplicate_recap_url,,,UEHEF11295,https://www.facebook.com/groups/210657489350109/permalink/2384181941997642/
tracking_recap,TRACKING _ SEASON 11.xlsx,Sheet15,283,duplicate_recap_url,,,UEHEM11523,https://www.facebook.com/groups/210657489350109/permalink/2384169695332200/
tracking_recap,TRACKING _ SEASON 11.xlsx,Sheet15,284,duplicate_recap_url,,,UEHEF11375,https://www.facebook.com/groups/210657489350109/permalink/2384139505335219/
tracking_recap,TRACKING _ SEASON 11.xlsx,Sheet15,285,duplicate_recap_url,,,UEHEF11363,https://www.facebook.com/groups/210657489350109/permalink/2384119962003840/
tracking_recap,TRACKING _ SEASON 11.xlsx,Sheet15,286,duplicate_recap_url,,,UEHEM11612,https://www.facebook.com/groups/210657489350109/permalink/2384098995339270/
tracking_recap,TRACKING _ SEASON 11.xlsx,Sheet15,287,duplicate_recap_url,,,UEHEM11202,https://www.facebook.com/groups/210657489350109/permalink/2384097858672717/
tracking_recap,TRACKING _ SEASON 11.xlsx,Sheet15,288,duplicate_recap_url,,,UEHEM11588,https://www.facebook.com/groups/210657489350109/permalink/2384091085340061/
tracking_recap,TRACKING _ SEASON 11.xlsx,Sheet15,289,duplicate_recap_url,,,UEHEF11383,https://www.facebook.com/groups/210657489350109/permalink/2384076842008152/
tracking_recap,TRACKING _ SEASON 11.xlsx,Sheet15,290,duplicate_recap_url,,,UEHEM11481,https://www.facebook.com/groups/210657489350109/permalink/2384030172012819/
tracking_recap,TRACKING _ SEASON 11.xlsx,Sheet15,291,duplicate_recap_url,,,UEHEF11394,https://www.facebook.com/groups/210657489350109/permalink/2384028905346279/
tracking_recap,TRACKING _ SEASON 11.xlsx,Sheet15,292,duplicate_recap_url,,,UEHEF11333,https://www.facebook.com/groups/210657489350109/permalink/2384028485346321/
tracking_recap,TRACKING _ SEASON 11.xlsx,Sheet15,293,cross_mentoring_needs_mentor_review,,,UEHEM11527,https://www.facebook.com/groups/210657489350109/permalink/2383984522017384/
tracking_recap,TRACKING _ SEASON 11.xlsx,Sheet15,294,duplicate_recap_url,,,UEHEF11429,https://www.facebook.com/groups/210657489350109/permalink/2383937255355444/
tracking_recap,TRACKING _ SEASON 11.xlsx,Sheet15,295,duplicate_recap_url,,,UEHEM11071,https://www.facebook.com/groups/210657489350109/permalink/2383930665356103/
tracking_recap,TRACKING _ SEASON 11.xlsx,Sheet15,296,no_active_primary_match_for_mentee_code,,,UEHEF11326,https://www.facebook.com/groups/210657489350109/permalink/2383859405363229/
tracking_recap,TRACKING _ SEASON 11.xlsx,Sheet15,297,duplicate_recap_url,,,UEHEM11538,https://www.facebook.com/groups/210657489350109/permalink/2383847208697782/
tracking_recap,TRACKING _ SEASON 11.xlsx,Sheet15,298,duplicate_recap_url,,,UEHEM11422,https://www.facebook.com/groups/210657489350109/permalink/2383602178722285/
tracking_recap,TRACKING _ SEASON 11.xlsx,Sheet15,299,duplicate_recap_url,,,UEHEF11319,https://www.facebook.com/groups/210657489350109/permalink/2383541785394991/
tracking_recap,TRACKING _ SEASON 11.xlsx,Sheet15,300,duplicate_recap_url,,,UEHEF11109,https://www.facebook.com/groups/210657489350109/permalink/2383513868731116/
tracking_recap,TRACKING _ SEASON 11.xlsx,Sheet15,301,duplicate_recap_url,,,UEHEF11153,https://www.facebook.com/groups/210657489350109/permalink/2383503845398785/
tracking_recap,TRACKING _ SEASON 11.xlsx,Sheet15,302,duplicate_recap_url,,,UEHEM11575,https://www.facebook.com/groups/210657489350109/permalink/2383467138735789/
tracking_recap,TRACKING _ SEASON 11.xlsx,Sheet15,303,duplicate_recap_url,,,UEHEF11319,https://www.facebook.com/groups/210657489350109/permalink/2383463585402811/
tracking_recap,TRACKING _ SEASON 11.xlsx,Sheet15,304,duplicate_recap_url,,,UEHEM11219,https://www.facebook.com/groups/210657489350109/permalink/2383407805408389/
tracking_recap,TRACKING _ SEASON 11.xlsx,Sheet15,305,duplicate_recap_url,,,UEHEF11427,https://www.facebook.com/groups/210657489350109/permalink/2383385125410657/
tracking_recap,TRACKING _ SEASON 11.xlsx,Sheet15,306,duplicate_recap_url,,,UEHEF11178,https://www.facebook.com/groups/210657489350109/permalink/2383364368746066/
tracking_recap,TRACKING _ SEASON 11.xlsx,Sheet15,307,duplicate_recap_url,,,UEHEM11596,https://www.facebook.com/groups/210657489350109/permalink/2383331865415983/
tracking_recap,TRACKING _ SEASON 11.xlsx,Sheet15,308,duplicate_recap_url,,,UEHEF11424,https://www.facebook.com/groups/210657489350109/permalink/2383306502085186/
tracking_recap,TRACKING _ SEASON 11.xlsx,Sheet15,309,duplicate_recap_url,,,UEHEM11594,https://www.facebook.com/groups/210657489350109/permalink/2383181098764393/
tracking_recap,TRACKING _ SEASON 11.xlsx,Sheet15,310,duplicate_recap_url,,,UEHEM11551,https://www.facebook.com/groups/210657489350109/permalink/2383166778765825/
tracking_recap,TRACKING _ SEASON 11.xlsx,Sheet15,311,missing_mentee_code; no_active_primary_match_for_mentee_code,,,,https://www.facebook.com/groups/210657489350109/permalink/2383160038766499/
tracking_recap,TRACKING _ SEASON 11.xlsx,Sheet15,312,duplicate_recap_url,,,UEHEM11194,https://www.facebook.com/groups/210657489350109/permalink/2383070882108748/
tracking_recap,TRACKING _ SEASON 11.xlsx,Sheet15,313,duplicate_recap_url,,,UEHEM11600,https://www.facebook.com/groups/210657489350109/permalink/2383070435442126/
tracking_recap,TRACKING _ SEASON 11.xlsx,Sheet15,314,duplicate_recap_url,,,UEHEF11145,https://www.facebook.com/groups/210657489350109/permalink/2383024818780021/
tracking_recap,TRACKING _ SEASON 11.xlsx,Sheet15,315,duplicate_recap_url,,,UEHEM11102,https://www.facebook.com/groups/210657489350109/permalink/2383004438782059/
tracking_recap,TRACKING _ SEASON 11.xlsx,Sheet15,316,duplicate_recap_url,,,UEHEM11198,https://www.facebook.com/groups/210657489350109/permalink/2382997135449456/
tracking_recap,TRACKING _ SEASON 11.xlsx,Sheet15,317,duplicate_recap_url,,,UEHEF11244,https://www.facebook.com/groups/210657489350109/permalink/2382992582116578/
tracking_recap,TRACKING _ SEASON 11.xlsx,Sheet15,318,duplicate_recap_url,,,UEHEM11045,https://www.facebook.com/groups/210657489350109/permalink/2382980402117796/
tracking_recap,TRACKING _ SEASON 11.xlsx,Sheet15,319,duplicate_recap_url,,,UEHEF11447,https://www.facebook.com/groups/210657489350109/permalink/2382978975451272/
tracking_recap,TRACKING _ SEASON 11.xlsx,Sheet15,320,duplicate_recap_url,,,UEHEF11208,https://www.facebook.com/groups/210657489350109/permalink/2382975432118293/
tracking_recap,TRACKING _ SEASON 11.xlsx,Sheet15,321,duplicate_recap_url,,,UEHEM11572,https://www.facebook.com/groups/210657489350109/permalink/2382966938785809/
tracking_recap,TRACKING _ SEASON 11.xlsx,Sheet15,322,duplicate_recap_url,,,UEHEF11224,https://www.facebook.com/groups/210657489350109/permalink/2382755245473645/
tracking_recap,TRACKING _ SEASON 11.xlsx,Sheet15,323,duplicate_recap_url,,,UEHEM11360,https://www.facebook.com/groups/210657489350109/permalink/2382634702152366/
tracking_recap,TRACKING _ SEASON 11.xlsx,Sheet15,324,duplicate_recap_url,,,UEHEF11163,https://www.facebook.com/groups/210657489350109/permalink/2382613062154530/
tracking_recap,TRACKING _ SEASON 11.xlsx,Sheet15,325,duplicate_recap_url,,,UEHEM11614,https://www.facebook.com/groups/210657489350109/permalink/2382610765488093/
tracking_recap,TRACKING _ SEASON 11.xlsx,Sheet15,326,duplicate_recap_url,,,UEHEM11258,https://www.facebook.com/groups/210657489350109/permalink/2382602908822212/
tracking_recap,TRACKING _ SEASON 11.xlsx,Sheet15,327,duplicate_recap_url,,,UEHEM11557,https://www.facebook.com/groups/210657489350109/permalink/2382592512156585/
tracking_recap,TRACKING _ SEASON 11.xlsx,Sheet15,328,duplicate_recap_url,,,UEHEF11134,https://www.facebook.com/groups/210657489350109/permalink/2382573442158492/
tracking_recap,TRACKING _ SEASON 11.xlsx,Sheet15,329,duplicate_recap_url,,,UEHEF11485,https://www.facebook.com/groups/210657489350109/permalink/2382562562159580/
tracking_recap,TRACKING _ SEASON 11.xlsx,Sheet15,330,duplicate_recap_url,,,UEHEF11434,https://www.facebook.com/groups/210657489350109/permalink/2382521295497040/
tracking_recap,TRACKING _ SEASON 11.xlsx,Sheet15,331,duplicate_recap_url,,,UEHEF11005,https://www.facebook.com/groups/210657489350109/permalink/2382482002167636/
tracking_recap,TRACKING _ SEASON 11.xlsx,Sheet15,332,no_active_primary_match_for_mentee_code,,,UEHEF11458,https://www.facebook.com/groups/210657489350109/permalink/2382449868837516/
tracking_recap,TRACKING _ SEASON 11.xlsx,Sheet15,333,duplicate_recap_url,,,UEHEM11506,https://www.facebook.com/groups/210657489350109/permalink/2382411645508005/
tracking_recap,TRACKING _ SEASON 11.xlsx,Sheet15,334,duplicate_recap_url,,,UEHEM11544,https://www.facebook.com/groups/210657489350109/permalink/2382394975509672/
tracking_recap,TRACKING _ SEASON 11.xlsx,Sheet15,335,duplicate_recap_url,,,UEHEF11058,https://www.facebook.com/groups/210657489350109/permalink/2382376098844893/
tracking_recap,TRACKING _ SEASON 11.xlsx,Sheet15,336,duplicate_recap_url,,,UEHEF11366,https://www.facebook.com/groups/210657489350109/permalink/2382370862178750/
tracking_recap,TRACKING _ SEASON 11.xlsx,Sheet15,337,duplicate_recap_url,,,UEHEM11509,https://www.facebook.com/groups/210657489350109/permalink/2382359368846566/
tracking_recap,TRACKING _ SEASON 11.xlsx,Sheet15,338,duplicate_recap_url,,,UEHEF11461,https://www.facebook.com/groups/210657489350109/permalink/2382355702180266/
tracking_recap,TRACKING _ SEASON 11.xlsx,Sheet15,339,duplicate_recap_url,,,UEHEF11301,https://www.facebook.com/groups/210657489350109/permalink/2382319095517260/
tracking_recap,TRACKING _ SEASON 11.xlsx,Sheet15,340,duplicate_recap_url,,,UEHEF11452,https://www.facebook.com/groups/210657489350109/permalink/2382300315519138/
tracking_recap,TRACKING _ SEASON 11.xlsx,Sheet15,341,duplicate_recap_url,,,UEHEF11099,https://www.facebook.com/groups/210657489350109/permalink/2382295872186249/
tracking_recap,TRACKING _ SEASON 11.xlsx,Sheet15,342,cross_mentoring_needs_mentor_review,,,UEHEF11380,https://www.facebook.com/groups/210657489350109/permalink/2382255725523597/
tracking_recap,TRACKING _ SEASON 11.xlsx,Sheet15,343,duplicate_recap_url,,,UEHEM11443,https://www.facebook.com/groups/210657489350109/permalink/2382231662192670/
tracking_recap,TRACKING _ SEASON 11.xlsx,Sheet15,344,duplicate_recap_url,,,UEHEF11365,https://www.facebook.com/groups/210657489350109/permalink/2382229018859601/
tracking_recap,TRACKING _ SEASON 11.xlsx,Sheet15,345,duplicate_recap_url,,,UEHEM11014,https://www.facebook.com/groups/210657489350109/permalink/2382228058859697/
tracking_recap,TRACKING _ SEASON 11.xlsx,Sheet15,346,duplicate_recap_url,,,UEHEF11330,https://www.facebook.com/groups/210657489350109/permalink/2382209015528268/
tracking_recap,TRACKING _ SEASON 11.xlsx,Sheet15,347,duplicate_recap_url,,,UEHEF11299,https://www.facebook.com/groups/210657489350109/permalink/2382171098865393/
tracking_recap,TRACKING _ SEASON 11.xlsx,Sheet15,348,duplicate_recap_url,,,UEHEF11348,https://www.facebook.com/groups/210657489350109/permalink/2382159018866601/
tracking_recap,TRACKING _ SEASON 11.xlsx,Sheet15,349,duplicate_recap_url,,,UEHEF11272,https://www.facebook.com/groups/210657489350109/permalink/2381732562242580/
tracking_recap,TRACKING _ SEASON 11.xlsx,Sheet15,350,duplicate_recap_url,,,UEHEF11467,https://www.facebook.com/groups/210657489350109/permalink/2381716852244151/
tracking_recap,TRACKING _ SEASON 11.xlsx,Sheet15,351,no_active_primary_match_for_mentee_code,,,UEHEM11611,https://www.facebook.com/groups/210657489350109/permalink/2381689212246915/
tracking_recap,TRACKING _ SEASON 11.xlsx,Sheet15,352,duplicate_recap_url,,,UEHEF11493,https://www.facebook.com/groups/210657489350109/permalink/2381653095583860/
tracking_recap,TRACKING _ SEASON 11.xlsx,Sheet15,353,duplicate_recap_url,,,UEHEF11271,https://www.facebook.com/groups/210657489350109/permalink/2381647358917767/
tracking_recap,TRACKING _ SEASON 11.xlsx,Sheet15,354,duplicate_recap_url,,,UEHEF11456,https://www.facebook.com/groups/210657489350109/permalink/2381644432251393/
tracking_recap,TRACKING _ SEASON 11.xlsx,Sheet15,355,duplicate_recap_url,,,UEHEM11617,https://www.facebook.com/groups/210657489350109/permalink/2381641268918376/
tracking_recap,TRACKING _ SEASON 11.xlsx,Sheet15,356,duplicate_recap_url,,,UEHEF11011,https://www.facebook.com/groups/210657489350109/permalink/2381630618919441/
tracking_recap,TRACKING _ SEASON 11.xlsx,Sheet15,357,duplicate_recap_url,,,UEHEM11578,https://www.facebook.com/groups/210657489350109/permalink/2381624032253433/
tracking_recap,TRACKING _ SEASON 11.xlsx,Sheet15,358,duplicate_recap_url,,,UEHEF11092,https://www.facebook.com/groups/210657489350109/permalink/2381591055590064/
tracking_recap,TRACKING _ SEASON 11.xlsx,Sheet15,359,duplicate_recap_url,,,UEHEF11426,https://www.facebook.com/groups/210657489350109/permalink/2381515345597635/
tracking_recap,TRACKING _ SEASON 11.xlsx,Sheet15,360,duplicate_recap_url,,,UEHEM11542,https://www.facebook.com/groups/210657489350109/permalink/2381511592264677/
tracking_recap,TRACKING _ SEASON 11.xlsx,Sheet15,361,duplicate_recap_url,,,UEHEF11393,https://www.facebook.com/groups/210657489350109/permalink/2381500212265815/
tracking_recap,TRACKING _ SEASON 11.xlsx,Sheet15,362,duplicate_recap_url,,,UEHEF11065,https://www.facebook.com/groups/210657489350109/permalink/2381483192267517/
tracking_recap,TRACKING _ SEASON 11.xlsx,Sheet15,363,duplicate_recap_url,,,UEHEM11074,https://www.facebook.com/groups/210657489350109/permalink/2381465352269301/
tracking_recap,TRACKING _ SEASON 11.xlsx,Sheet15,364,duplicate_recap_url,,,UEHEM11291,https://www.facebook.com/groups/210657489350109/permalink/2381387928943710/
tracking_recap,TRACKING _ SEASON 11.xlsx,Sheet15,365,no_active_primary_match_for_mentee_code,,,UEHEF1072,https://www.facebook.com/groups/210657489350109/permalink/2381384362277400/
tracking_recap,TRACKING _ SEASON 11.xlsx,Sheet15,366,duplicate_recap_url,,,UEHEM11630,https://www.facebook.com/groups/210657489350109/permalink/2381377622278074/
tracking_recap,TRACKING _ SEASON 11.xlsx,Sheet15,367,duplicate_recap_url,,,UEHEF11286,https://www.facebook.com/groups/210657489350109/permalink/2381372548945248/
tracking_recap,TRACKING _ SEASON 11.xlsx,Sheet15,368,duplicate_recap_url,,,UEHEM11622,https://www.facebook.com/groups/210657489350109/permalink/2381351538947349/
tracking_recap,TRACKING _ SEASON 11.xlsx,Sheet15,369,duplicate_recap_url,,,UEHEM11200,https://www.facebook.com/groups/210657489350109/permalink/2381341275615042/
tracking_recap,TRACKING _ SEASON 11.xlsx,Sheet15,370,duplicate_recap_url,,,UEHEM11007,https://www.facebook.com/groups/210657489350109/permalink/2381340005615169/
tracking_recap,TRACKING _ SEASON 11.xlsx,Sheet15,371,no_active_primary_match_for_mentee_code,,,UEHEM11517,https://www.facebook.com/groups/210657489350109/permalink/2381305125618657/
tracking_recap,TRACKING _ SEASON 11.xlsx,Sheet15,372,duplicate_recap_url,,,UEHEM11100,https://www.facebook.com/groups/210657489350109/permalink/2381241355625034/
tracking_recap,TRACKING _ SEASON 11.xlsx,Sheet15,373,duplicate_recap_url,,,UEHEM11170,https://www.facebook.com/groups/210657489350109/permalink/2381214035627766/
tracking_recap,TRACKING _ SEASON 11.xlsx,Sheet15,374,duplicate_recap_url,,,UEHEF11139,https://www.facebook.com/groups/210657489350109/permalink/2381211288961374/
tracking_recap,TRACKING _ SEASON 11.xlsx,Sheet15,375,duplicate_recap_url,,,UEHEF11421,https://www.facebook.com/groups/210657489350109/permalink/2381204268962076/
tracking_recap,TRACKING _ SEASON 11.xlsx,Sheet15,376,duplicate_recap_url,,,UEHEM11519,https://www.facebook.com/groups/210657489350109/permalink/2381100958972407/
tracking_recap,TRACKING _ SEASON 11.xlsx,Sheet15,377,cross_mentoring_needs_mentor_review,,,UEHEM11536,https://www.facebook.com/groups/210657489350109/permalink/2380804899002013/
tracking_recap,TRACKING _ SEASON 11.xlsx,Sheet15,378,duplicate_recap_url,,,UEHEF11312,https://www.facebook.com/groups/210657489350109/permalink/2380800055669164/
tracking_recap,TRACKING _ SEASON 11.xlsx,Sheet15,379,duplicate_recap_url,,,UEHEM11584,https://www.facebook.com/groups/210657489350109/permalink/2380771719005331/
tracking_recap,TRACKING _ SEASON 11.xlsx,Sheet15,380,duplicate_recap_url,,,UEHEM11025,https://www.facebook.com/groups/210657489350109/permalink/2380764782339358/
tracking_recap,TRACKING _ SEASON 11.xlsx,Sheet15,381,duplicate_recap_url,,,UEHEF11193,https://www.facebook.com/groups/210657489350109/permalink/2380758405673329/
tracking_recap,TRACKING _ SEASON 11.xlsx,Sheet15,382,duplicate_recap_url,,,UEHEF11043,https://www.facebook.com/groups/210657489350109/permalink/2380756102340226/
tracking_recap,TRACKING _ SEASON 11.xlsx,Sheet15,383,duplicate_recap_url,,,UEHEM11546,https://www.facebook.com/groups/210657489350109/permalink/2380746602341176/
tracking_recap,TRACKING _ SEASON 11.xlsx,Sheet15,384,duplicate_recap_url,,,UEHEF11449,https://www.facebook.com/groups/210657489350109/permalink/2380704745678695/
tracking_recap,TRACKING _ SEASON 11.xlsx,Sheet15,385,duplicate_recap_url,,,UEHEF11335,https://www.facebook.com/groups/210657489350109/permalink/2380679932347843/
tracking_recap,TRACKING _ SEASON 11.xlsx,Sheet15,386,duplicate_recap_url,,,UEHEF11042,https://www.facebook.com/groups/210657489350109/permalink/2380678502347986/
tracking_recap,TRACKING _ SEASON 11.xlsx,Sheet15,387,missing_meeting_date,,,UEHEF11436,https://www.facebook.com/groups/210657489350109/permalink/2380677849014718/
tracking_recap,TRACKING _ SEASON 11.xlsx,Sheet15,388,duplicate_recap_url,,,UEHEF11374,https://www.facebook.com/groups/210657489350109/permalink/2380596885689481/
tracking_recap,TRACKING _ SEASON 11.xlsx,Sheet15,389,duplicate_recap_url,,,UEHEM11512,https://www.facebook.com/groups/210657489350109/permalink/2380555982360238/
tracking_recap,TRACKING _ SEASON 11.xlsx,Sheet15,390,duplicate_recap_url,,,UEHEF11230,https://www.facebook.com/groups/210657489350109/permalink/2380515385697631/
tracking_recap,TRACKING _ SEASON 11.xlsx,Sheet15,391,duplicate_recap_url,,,UEHEM11579,https://www.facebook.com/groups/210657489350109/permalink/2380485215700648/
tracking_recap,TRACKING _ SEASON 11.xlsx,Sheet15,392,duplicate_recap_url,,,UEHEF11446,https://www.facebook.com/groups/210657489350109/permalink/2380462575702912/
tracking_recap,TRACKING _ SEASON 11.xlsx,Sheet15,393,duplicate_recap_url,,,UEHEF11476,https://www.facebook.com/groups/210657489350109/permalink/2380436455705524/
tracking_recap,TRACKING _ SEASON 11.xlsx,Sheet15,394,duplicate_recap_url,,,UEHEM11548,https://www.facebook.com/groups/210657489350109/permalink/2380415895707580/
tracking_recap,TRACKING _ SEASON 11.xlsx,Sheet15,395,duplicate_recap_url,,,UEHEF11448,https://www.facebook.com/groups/210657489350109/permalink/2380309205718249/
tracking_recap,TRACKING _ SEASON 11.xlsx,Sheet15,396,duplicate_recap_url,,,UEHEF11147,https://www.facebook.com/groups/210657489350109/permalink/2380268982388938/
tracking_recap,TRACKING _ SEASON 11.xlsx,Sheet15,397,duplicate_recap_url,,,UEHEF11196,https://www.facebook.com/groups/210657489350109/permalink/2380264279056075/
tracking_recap,TRACKING _ SEASON 11.xlsx,Sheet15,398,duplicate_recap_url,,,UEHEM11324,https://www.facebook.com/groups/210657489350109/permalink/2380177159064787/
tracking_recap,TRACKING _ SEASON 11.xlsx,Sheet15,399,duplicate_recap_url,,,UEHEM11158,https://www.facebook.com/groups/210657489350109/permalink/2380108722404964/
tracking_recap,TRACKING _ SEASON 11.xlsx,Sheet15,400,duplicate_recap_url,,,UEHEM11608,https://www.facebook.com/groups/210657489350109/permalink/2379814092434427/
tracking_recap,TRACKING _ SEASON 11.xlsx,Sheet15,401,duplicate_recap_url,,,UEHEF11339,https://www.facebook.com/groups/210657489350109/permalink/2379800429102460/
tracking_recap,TRACKING _ SEASON 11.xlsx,Sheet15,402,cross_mentoring_needs_mentor_review,,,UEHEF11250,https://www.facebook.com/groups/210657489350109/permalink/2379750529107450/
tracking_recap,TRACKING _ SEASON 11.xlsx,Sheet15,403,duplicate_recap_url,,,UEHEM11355,https://www.facebook.com/groups/210657489350109/permalink/2379742232441613/
tracking_recap,TRACKING _ SEASON 11.xlsx,Sheet15,404,duplicate_recap_url,,,UEHEM11472,https://www.facebook.com/groups/210657489350109/permalink/2379732175775952/
tracking_recap,TRACKING _ SEASON 11.xlsx,Sheet15,405,duplicate_recap_url,,,UEHEM11203,https://www.facebook.com/groups/210657489350109/permalink/2379678765781293/
tracking_recap,TRACKING _ SEASON 11.xlsx,Sheet15,406,duplicate_recap_url,,,UEHEF11246,https://www.facebook.com/groups/210657489350109/permalink/2379673335781836/
tracking_recap,TRACKING _ SEASON 11.xlsx,Sheet15,407,duplicate_recap_url,,,UEHEF11334,https://www.facebook.com/groups/210657489350109/permalink/2379672032448633/
tracking_recap,TRACKING _ SEASON 11.xlsx,Sheet15,408,duplicate_recap_url,,,UEHEF11306,https://www.facebook.com/groups/210657489350109/permalink/2379622145786955/
tracking_recap,TRACKING _ SEASON 11.xlsx,Sheet15,409,duplicate_recap_url,,,UEHEF11464,https://www.facebook.com/groups/210657489350109/permalink/2379619479120555/
tracking_recap,TRACKING _ SEASON 11.xlsx,Sheet15,410,duplicate_recap_url,,,UEHEM11590,https://www.facebook.com/groups/210657489350109/permalink/2379585825790587/
tracking_recap,TRACKING _ SEASON 11.xlsx,Sheet15,411,duplicate_recap_url,,,UEHEF11225,https://www.facebook.com/groups/210657489350109/permalink/2379585072457329/
tracking_recap,TRACKING _ SEASON 11.xlsx,Sheet15,412,duplicate_recap_url,,,UEHEF11172,https://www.facebook.com/groups/210657489350109/permalink/2379566615792508/
tracking_recap,TRACKING _ SEASON 11.xlsx,Sheet15,413,duplicate_recap_url,,,UEHEM11559,https://www.facebook.com/groups/210657489350109/permalink/2379500319132471/
tracking_recap,TRACKING _ SEASON 11.xlsx,Sheet15,414,duplicate_recap_url,,,UEHEF11086,https://www.facebook.com/groups/210657489350109/permalink/2379499142465922/
tracking_recap,TRACKING _ SEASON 11.xlsx,Sheet15,415,no_active_primary_match_for_mentee_code,,,UEHEM11454,https://www.facebook.com/groups/210657489350109/permalink/2379494619133041/
tracking_recap,TRACKING _ SEASON 11.xlsx,Sheet15,416,duplicate_recap_url,,,UEHEF11317,https://www.facebook.com/groups/210657489350109/permalink/2379483729134130/
tracking_recap,TRACKING _ SEASON 11.xlsx,Sheet15,417,duplicate_recap_url,,,UEHEM11201,https://www.facebook.com/groups/210657489350109/permalink/2379464242469412/
tracking_recap,TRACKING _ SEASON 11.xlsx,Sheet15,418,duplicate_recap_url,,,UEHEM11325,https://www.facebook.com/groups/210657489350109/permalink/2379456499136853/
tracking_recap,TRACKING _ SEASON 11.xlsx,Sheet15,419,duplicate_recap_url,,,UEHEM11162,https://www.facebook.com/groups/210657489350109/permalink/2379431965805973/
tracking_recap,TRACKING _ SEASON 11.xlsx,Sheet15,420,duplicate_recap_url,,,UEHEF11390,https://www.facebook.com/groups/210657489350109/permalink/2379419085807261/
tracking_recap,TRACKING _ SEASON 11.xlsx,Sheet15,421,duplicate_recap_url,,,UEHEF11395,https://www.facebook.com/groups/210657489350109/permalink/2379418062474030/
tracking_recap,TRACKING _ SEASON 11.xlsx,Sheet15,422,duplicate_recap_url,,,UEHEF11353,https://www.facebook.com/groups/210657489350109/permalink/2379303722485464/
tracking_recap,TRACKING _ SEASON 11.xlsx,Sheet15,423,duplicate_recap_url,,,UEHEF11462,https://www.facebook.com/groups/210657489350109/permalink/2379280585821111/
tracking_recap,TRACKING _ SEASON 11.xlsx,Sheet15,424,duplicate_recap_url,,,UEHEF11409,https://www.facebook.com/groups/210657489350109/permalink/2379273855821784/
tracking_recap,TRACKING _ SEASON 11.xlsx,Sheet15,425,duplicate_recap_url,,,UEHEM11276,https://www.facebook.com/groups/210657489350109/permalink/2379268202489016/
tracking_recap,TRACKING _ SEASON 11.xlsx,Sheet15,426,duplicate_recap_url,,,UEHEF11321,https://www.facebook.com/groups/210657489350109/permalink/2379260385823131/
tracking_recap,TRACKING _ SEASON 11.xlsx,Sheet15,427,duplicate_recap_url,,,UEHEF11197,https://www.facebook.com/groups/210657489350109/permalink/2379256355823534/
tracking_recap,TRACKING _ SEASON 11.xlsx,Sheet15,428,duplicate_recap_url,,,UEHEM11568,https://www.facebook.com/groups/210657489350109/permalink/2379227915826378/
tracking_recap,TRACKING _ SEASON 11.xlsx,Sheet15,429,duplicate_recap_url,,,UEHEF11311,https://www.facebook.com/groups/210657489350109/permalink/2379222955826874/
tracking_recap,TRACKING _ SEASON 11.xlsx,Sheet15,430,missing_meeting_date,,,UEHEM11441,https://www.facebook.com/groups/210657489350109/permalink/2379167699165733/
tracking_recap,TRACKING _ SEASON 11.xlsx,Sheet15,431,duplicate_recap_url,,,UEHEM11351,https://www.facebook.com/groups/210657489350109/permalink/2378869602528876/
tracking_recap,TRACKING _ SEASON 11.xlsx,Sheet15,432,duplicate_recap_url,,,UEHEM11175,https://www.facebook.com/groups/210657489350109/permalink/2378866852529151/
tracking_recap,TRACKING _ SEASON 11.xlsx,Sheet15,433,duplicate_recap_url,,,UEHEM11474,https://www.facebook.com/groups/210657489350109/permalink/2378849285864241/
tracking_recap,TRACKING _ SEASON 11.xlsx,Sheet15,434,duplicate_recap_url,,,UEHEM11077,https://www.facebook.com/groups/210657489350109/permalink/2378808672534969/
tracking_recap,TRACKING _ SEASON 11.xlsx,Sheet15,435,no_active_primary_match_for_mentee_code,,,UEHEM11067,https://www.facebook.com/groups/210657489350109/permalink/2378804819202021/
tracking_recap,TRACKING _ SEASON 11.xlsx,Sheet15,436,duplicate_recap_url,,,UEHEM11529,https://www.facebook.com/groups/210657489350109/permalink/2378795232536313/
tracking_recap,TRACKING _ SEASON 11.xlsx,Sheet15,437,duplicate_recap_url,,,UEHEF11227,https://www.facebook.com/groups/210657489350109/permalink/2378792522536584/
tracking_recap,TRACKING _ SEASON 11.xlsx,Sheet15,438,duplicate_recap_url,,,UEHEF11010,https://www.facebook.com/groups/210657489350109/permalink/2378786789203824/
tracking_recap,TRACKING _ SEASON 11.xlsx,Sheet15,439,duplicate_recap_url,,,UEHEF11404,https://www.facebook.com/groups/210657489350109/permalink/2378770162538820/
tracking_recap,TRACKING _ SEASON 11.xlsx,Sheet15,440,duplicate_recap_url,,,UEHEF11457,https://www.facebook.com/groups/210657489350109/permalink/2378765462539290/
tracking_recap,TRACKING _ SEASON 11.xlsx,Sheet15,441,duplicate_recap_url,,,UEHEF11488,https://www.facebook.com/groups/210657489350109/permalink/2378762902539546/
tracking_recap,TRACKING _ SEASON 11.xlsx,Sheet15,442,duplicate_recap_url,,,UEHEF11384,https://www.facebook.com/groups/210657489350109/permalink/2378743975874772/
tracking_recap,TRACKING _ SEASON 11.xlsx,Sheet15,443,missing_meeting_date,,,UEHEF11344,https://www.facebook.com/groups/210657489350109/permalink/2378743132541523/
tracking_recap,TRACKING _ SEASON 11.xlsx,Sheet15,444,duplicate_recap_url,,,UEHEM11274,https://www.facebook.com/groups/210657489350109/permalink/2378741745874995/
tracking_recap,TRACKING _ SEASON 11.xlsx,Sheet15,445,duplicate_recap_url,,,UEHEF11402,https://www.facebook.com/groups/210657489350109/permalink/2378737769208726/
tracking_recap,TRACKING _ SEASON 11.xlsx,Sheet15,446,duplicate_recap_url,,,UEHEM11562,https://www.facebook.com/groups/210657489350109/permalink/2378734672542369/
tracking_recap,TRACKING _ SEASON 11.xlsx,Sheet15,447,duplicate_recap_url,,,UEHEF11388,https://www.facebook.com/groups/210657489350109/permalink/2378729415876228/
tracking_recap,TRACKING _ SEASON 11.xlsx,Sheet15,448,duplicate_recap_url,,,UEHEF11148,https://www.facebook.com/groups/210657489350109/permalink/2378715569210946/
tracking_recap,TRACKING _ SEASON 11.xlsx,Sheet15,449,duplicate_recap_url,,,UEHEF11195,https://www.facebook.com/groups/210657489350109/permalink/2378709812544855/
tracking_recap,TRACKING _ SEASON 11.xlsx,Sheet15,450,no_active_primary_match_for_mentee_code,,,UEHEM1199,https://www.facebook.com/groups/210657489350109/permalink/2378703902545446/
tracking_recap,TRACKING _ SEASON 11.xlsx,Sheet15,451,duplicate_recap_url,,,UEHEF11477,https://www.facebook.com/groups/210657489350109/permalink/2378703572545479/
tracking_recap,TRACKING _ SEASON 11.xlsx,Sheet15,452,duplicate_recap_url,,,UEHEM11628,https://www.facebook.com/groups/210657489350109/permalink/2378699899212513/
tracking_recap,TRACKING _ SEASON 11.xlsx,Sheet15,453,duplicate_recap_url,,,UEHEF11242,https://www.facebook.com/groups/210657489350109/permalink/2378691749213328/
tracking_recap,TRACKING _ SEASON 11.xlsx,Sheet15,454,duplicate_recap_url,,,UEHEF11371,https://www.facebook.com/groups/210657489350109/permalink/2378644605884709/
tracking_recap,TRACKING _ SEASON 11.xlsx,Sheet15,455,duplicate_recap_url,,,UEHEM11506,https://www.facebook.com/groups/210657489350109/permalink/2378612405887929/
tracking_recap,TRACKING _ SEASON 11.xlsx,Sheet15,456,missing_meeting_date,,,UEHEM11156,https://www.facebook.com/groups/210657489350109/permalink/2378603149222188/
tracking_recap,TRACKING _ SEASON 11.xlsx,Sheet15,457,duplicate_recap_url,,,UEHEF11499,https://www.facebook.com/groups/210657489350109/permalink/2378601032555733/
tracking_recap,TRACKING _ SEASON 11.xlsx,Sheet15,458,duplicate_recap_url,,,UEHEM11047,https://www.facebook.com/groups/210657489350109/permalink/2378593809223122/
tracking_recap,TRACKING _ SEASON 11.xlsx,Sheet15,459,duplicate_recap_url,,,UEHEF11017,https://www.facebook.com/groups/210657489350109/permalink/2378581789224324/
tracking_recap,TRACKING _ SEASON 11.xlsx,Sheet15,460,duplicate_recap_url,,,UEHEM11580,https://www.facebook.com/groups/210657489350109/permalink/2378574665891703/
tracking_recap,TRACKING _ SEASON 11.xlsx,Sheet15,461,no_active_primary_match_for_mentee_code,,,UEHEF1189,https://www.facebook.com/groups/210657489350109/permalink/2378571025892067/
tracking_recap,TRACKING _ SEASON 11.xlsx,Sheet15,462,duplicate_recap_url,,,UEHEM11293,https://www.facebook.com/groups/210657489350109/permalink/2378564109226092/
tracking_recap,TRACKING _ SEASON 11.xlsx,Sheet15,463,duplicate_recap_url,,,UEHEF11330,https://www.facebook.com/groups/210657489350109/permalink/2378551492560687/
tracking_recap,TRACKING _ SEASON 11.xlsx,Sheet15,464,duplicate_recap_url,,,UEHEF11039,https://www.facebook.com/groups/210657489350109/permalink/2378528722562964/
tracking_recap,TRACKING _ SEASON 11.xlsx,Sheet15,465,duplicate_recap_url,,,UEHEM11586,https://www.facebook.com/groups/210657489350109/permalink/2378525132563323/
tracking_recap,TRACKING _ SEASON 11.xlsx,Sheet15,466,duplicate_recap_url,,,UEHEM11581,https://www.facebook.com/groups/210657489350109/permalink/2378496265899543/
tracking_recap,TRACKING _ SEASON 11.xlsx,Sheet15,467,duplicate_recap_url,,,UEHEF11377,https://www.facebook.com/groups/210657489350109/permalink/2378489855900184/
tracking_recap,TRACKING _ SEASON 11.xlsx,Sheet15,468,duplicate_recap_url,,,UEHEF11496,https://www.facebook.com/groups/210657489350109/permalink/2378482222567614/
tracking_recap,TRACKING _ SEASON 11.xlsx,Sheet15,469,duplicate_recap_url,,,UEHEF11287,https://www.facebook.com/groups/210657489350109/permalink/2378476019234901/
tracking_recap,TRACKING _ SEASON 11.xlsx,Sheet15,470,duplicate_recap_url,,,UEHEM11292,https://www.facebook.com/groups/210657489350109/permalink/2378475899234913/
tracking_recap,TRACKING _ SEASON 11.xlsx,Sheet15,471,no_active_primary_match_for_mentee_code,,,UEHEM11510,https://www.facebook.com/groups/210657489350109/permalink/2378474362568400/
tracking_recap,TRACKING _ SEASON 11.xlsx,Sheet15,472,duplicate_recap_url,,,UEHEM11080,https://www.facebook.com/groups/210657489350109/permalink/2378467822569054/
tracking_recap,TRACKING _ SEASON 11.xlsx,Sheet15,473,no_active_primary_match_for_mentee_code,,,UEHEF1112,https://www.facebook.com/groups/210657489350109/permalink/2378449815904188/
tracking_recap,TRACKING _ SEASON 11.xlsx,Sheet15,474,no_active_primary_match_for_mentee_code,,,UEHEM11560,https://www.facebook.com/groups/210657489350109/permalink/2378448699237633/
tracking_recap,TRACKING _ SEASON 11.xlsx,Sheet15,475,no_active_primary_match_for_mentee_code,,,UEHEM1150,https://www.facebook.com/groups/210657489350109/permalink/2378434359239067/
tracking_recap,TRACKING _ SEASON 11.xlsx,Sheet15,476,duplicate_recap_url,,,UEHEF11061,https://www.facebook.com/groups/210657489350109/permalink/2378401742575662/
tracking_recap,TRACKING _ SEASON 11.xlsx,Sheet15,477,duplicate_recap_url,,,UEHEF11055,https://www.facebook.com/groups/210657489350109/permalink/2378390295910140/
tracking_recap,TRACKING _ SEASON 11.xlsx,Sheet15,478,duplicate_recap_url,,,UEHEF11066,https://www.facebook.com/groups/210657489350109/permalink/2378374452578391/
tracking_recap,TRACKING _ SEASON 11.xlsx,Sheet15,479,duplicate_recap_url,,,UEHEF11207,https://www.facebook.com/groups/210657489350109/permalink/2378371932578643/
tracking_recap,TRACKING _ SEASON 11.xlsx,Sheet15,480,duplicate_recap_url,,,UEHEM11260,https://www.facebook.com/groups/210657489350109/permalink/2378349575914212/
tracking_recap,TRACKING _ SEASON 11.xlsx,Sheet15,481,duplicate_recap_url,,,UEHEF11095,https://www.facebook.com/groups/210657489350109/permalink/2378346645914505/
tracking_recap,TRACKING _ SEASON 11.xlsx,Sheet15,482,duplicate_recap_url,,,UEHEF11131,https://www.facebook.com/groups/210657489350109/permalink/2378322602583576/
tracking_recap,TRACKING _ SEASON 11.xlsx,Sheet15,483,duplicate_recap_url,,,UEHEM11439,https://www.facebook.com/groups/210657489350109/permalink/2378309799251523/
tracking_recap,TRACKING _ SEASON 11.xlsx,Sheet15,484,duplicate_recap_url,,,UEHEM11185,https://www.facebook.com/groups/210657489350109/permalink/2378304025918767/
tracking_recap,TRACKING _ SEASON 11.xlsx,Sheet15,485,duplicate_recap_url,,,UEHEF11490,https://www.facebook.com/groups/210657489350109/permalink/2378290949253408/
tracking_recap,TRACKING _ SEASON 11.xlsx,Sheet15,486,duplicate_recap_url,,,UEHEM11442,https://www.facebook.com/groups/210657489350109/permalink/2378265952589241/
tracking_recap,TRACKING _ SEASON 11.xlsx,Sheet15,487,duplicate_recap_url,,,UEHEM11122,https://www.facebook.com/groups/210657489350109/permalink/2378264715922698/
tracking_recap,TRACKING _ SEASON 11.xlsx,Sheet15,488,duplicate_recap_url,,,UEHEF11432,https://www.facebook.com/groups/210657489350109/permalink/2378263992589437/
tracking_recap,TRACKING _ SEASON 11.xlsx,Sheet15,489,duplicate_recap_url,,,UEHEF11023,https://www.facebook.com/groups/210657489350109/permalink/2378258425923327/
tracking_recap,TRACKING _ SEASON 11.xlsx,Sheet15,490,duplicate_recap_url,,,UEHEF11314,https://www.facebook.com/groups/210657489350109/permalink/2378256709256832/
tracking_recap,TRACKING _ SEASON 11.xlsx,Sheet15,491,duplicate_recap_url,,,UEHEF11288,https://www.facebook.com/groups/210657489350109/permalink/2378251335924036/
tracking_recap,TRACKING _ SEASON 11.xlsx,Sheet15,492,duplicate_recap_url,,,UEHEM11511,https://www.facebook.com/groups/210657489350109/permalink/2378250692590767/
tracking_recap,TRACKING _ SEASON 11.xlsx,Sheet15,493,duplicate_recap_url,,,UEHEF11280,https://www.facebook.com/groups/210657489350109/permalink/2378246782591158/
tracking_recap,TRACKING _ SEASON 11.xlsx,Sheet15,494,duplicate_recap_url,,,UEHEM11082,https://www.facebook.com/groups/210657489350109/permalink/2378245239257979/
tracking_recap,TRACKING _ SEASON 11.xlsx,Sheet15,495,duplicate_recap_url,,,UEHEM11638,https://www.facebook.com/groups/210657489350109/permalink/2378237435925426/
tracking_recap,TRACKING _ SEASON 11.xlsx,Sheet15,496,duplicate_recap_url,,,UEHEF11307,https://www.facebook.com/groups/210657489350109/permalink/2378231749259328/
tracking_recap,TRACKING _ SEASON 11.xlsx,Sheet15,497,duplicate_recap_url,,,UEHEF11501,https://www.facebook.com/groups/210657489350109/permalink/2378226659259837/
tracking_recap,TRACKING _ SEASON 11.xlsx,Sheet15,498,duplicate_recap_url,,,UEHEM11167,https://www.facebook.com/groups/210657489350109/permalink/2378209672594869/
tracking_recap,TRACKING _ SEASON 11.xlsx,Sheet15,499,duplicate_recap_url,,,UEHEM11050,https://www.facebook.com/groups/210657489350109/permalink/2378151245934045/
tracking_recap,TRACKING _ SEASON 11.xlsx,Sheet15,500,duplicate_recap_url,,,UEHEF11067,https://www.facebook.com/groups/210657489350109/permalink/2378145999267903/
tracking_recap,TRACKING _ SEASON 11.xlsx,Sheet15,501,duplicate_recap_url,,,UEHEM11589,https://www.facebook.com/groups/210657489350109/permalink/2378133369269166/
tracking_recap,TRACKING _ SEASON 11.xlsx,Sheet15,502,duplicate_recap_url,,,UEHEF11407,https://www.facebook.com/groups/210657489350109/permalink/2378111252604711/
tracking_recap,TRACKING _ SEASON 11.xlsx,Sheet15,503,duplicate_recap_url,,,UEHEF11063,https://www.facebook.com/groups/210657489350109/permalink/2378103892605447/
tracking_recap,TRACKING _ SEASON 11.xlsx,Sheet15,504,cross_mentoring_needs_mentor_review,,,UEHEM11532,https://www.facebook.com/groups/210657489350109/permalink/2378092955939874/
tracking_recap,TRACKING _ SEASON 11.xlsx,Sheet15,505,duplicate_recap_url,,,UEHEF11144,https://www.facebook.com/groups/210657489350109/permalink/2377888799293623/
tracking_recap,TRACKING _ SEASON 11.xlsx,Sheet15,506,duplicate_recap_url,,,UEHEF11027,https://www.facebook.com/groups/210657489350109/permalink/2377869752628861/
tracking_recap,TRACKING _ SEASON 11.xlsx,Sheet15,507,duplicate_recap_url,,,UEHEM11569,https://www.facebook.com/groups/210657489350109/permalink/2377858682629968/
tracking_recap,TRACKING _ SEASON 11.xlsx,Sheet15,508,duplicate_recap_url,,,UEHEF11220,https://www.facebook.com/groups/210657489350109/permalink/2377852822630554/
tracking_recap,TRACKING _ SEASON 11.xlsx,Sheet15,509,duplicate_recap_url,,,UEHEM11154,https://www.facebook.com/groups/210657489350109/permalink/2377837705965399/
tracking_recap,TRACKING _ SEASON 11.xlsx,Sheet15,510,duplicate_recap_url,,,UEHEF11052,https://www.facebook.com/groups/210657489350109/permalink/2377820659300437/
tracking_recap,TRACKING _ SEASON 11.xlsx,Sheet15,511,duplicate_recap_url,,,UEHEM11574,https://www.facebook.com/groups/210657489350109/permalink/2377817515967418/
tracking_recap,TRACKING _ SEASON 11.xlsx,Sheet15,512,duplicate_recap_url,,,UEHEF11240,https://www.facebook.com/groups/210657489350109/permalink/2377808615968308/
tracking_recap,TRACKING _ SEASON 11.xlsx,Sheet15,513,duplicate_recap_url,,,UEHEM11356,https://www.facebook.com/groups/210657489350109/permalink/2377805532635283/
tracking_recap,TRACKING _ SEASON 11.xlsx,Sheet15,514,duplicate_recap_url,,,UEHEF11093,https://www.facebook.com/groups/210657489350109/permalink/2377799315969238/
tracking_recap,TRACKING _ SEASON 11.xlsx,Sheet15,515,duplicate_recap_url,,,UEHEM11104,https://www.facebook.com/groups/210657489350109/permalink/2377787129303790/
tracking_recap,TRACKING _ SEASON 11.xlsx,Sheet15,516,duplicate_recap_url,,,UEHEF11352,https://www.facebook.com/groups/210657489350109/permalink/2377782975970872/
tracking_recap,TRACKING _ SEASON 11.xlsx,Sheet15,517,duplicate_recap_url,,,UEHEF11113,https://www.facebook.com/groups/210657489350109/permalink/2377770942638742/
tracking_recap,TRACKING _ SEASON 11.xlsx,Sheet15,518,duplicate_recap_url,,,UEHEM11525,https://www.facebook.com/groups/210657489350109/permalink/2377767839305719/
tracking_recap,TRACKING _ SEASON 11.xlsx,Sheet15,519,duplicate_recap_url,,,UEHEF11337,https://www.facebook.com/groups/210657489350109/permalink/2377724682643368/
tracking_recap,TRACKING _ SEASON 11.xlsx,Sheet15,520,duplicate_recap_url,,,UEHEM11165,https://www.facebook.com/groups/210657489350109/permalink/2377707585978411/
tracking_recap,TRACKING _ SEASON 11.xlsx,Sheet15,521,duplicate_recap_url,,,UEHEM11544,https://www.facebook.com/groups/210657489350109/permalink/2377705692645267/
tracking_recap,TRACKING _ SEASON 11.xlsx,Sheet15,522,duplicate_recap_url,,,UEHEF11300,https://www.facebook.com/groups/210657489350109/permalink/2377696949312808/
tracking_recap,TRACKING _ SEASON 11.xlsx,Sheet15,523,duplicate_recap_url,,,UEHEM11522,https://www.facebook.com/groups/210657489350109/permalink/2377690322646804/
tracking_recap,TRACKING _ SEASON 11.xlsx,Sheet15,524,duplicate_recap_url,,,UEHEF11232,https://www.facebook.com/groups/210657489350109/permalink/2377657259316777/
tracking_recap,TRACKING _ SEASON 11.xlsx,Sheet15,525,duplicate_recap_url,,,UEHEF11138,https://www.facebook.com/groups/210657489350109/permalink/2377651622650674/
tracking_recap,TRACKING _ SEASON 11.xlsx,Sheet15,526,duplicate_recap_url,,,UEHEF11213,https://www.facebook.com/groups/210657489350109/permalink/2377603002655536/
tracking_recap,TRACKING _ SEASON 11.xlsx,Sheet15,527,duplicate_recap_url,,,UEHEM11576,https://www.facebook.com/groups/210657489350109/permalink/2377591359323367/
tracking_recap,TRACKING _ SEASON 11.xlsx,Sheet15,528,duplicate_recap_url,,,UEHEF11264,https://www.facebook.com/groups/210657489350109/permalink/2377564615992708/
tracking_recap,TRACKING _ SEASON 11.xlsx,Sheet15,529,duplicate_recap_url,,,UEHEF11001,https://www.facebook.com/groups/210657489350109/permalink/2377560112659825/
tracking_recap,TRACKING _ SEASON 11.xlsx,Sheet15,530,duplicate_recap_url,,,UEHEF11223,https://www.facebook.com/groups/210657489350109/permalink/2377557199326783/
tracking_recap,TRACKING _ SEASON 11.xlsx,Sheet15,531,duplicate_recap_url,,,UEHEF11251,https://www.facebook.com/groups/210657489350109/permalink/2377499375999232/
tracking_recap,TRACKING _ SEASON 11.xlsx,Sheet15,532,duplicate_recap_url,,,UEHEF11018,https://www.facebook.com/groups/210657489350109/permalink/2377498625999307/
tracking_recap,TRACKING _ SEASON 11.xlsx,Sheet15,533,duplicate_recap_url,,,UEHEF11495,https://www.facebook.com/groups/210657489350109/permalink/2377486216000548/
tracking_recap,TRACKING _ SEASON 11.xlsx,Sheet15,534,duplicate_recap_url,,,UEHEM11101,https://www.facebook.com/groups/210657489350109/permalink/2377338596015310/
tracking_recap,TRACKING _ SEASON 11.xlsx,Sheet15,535,duplicate_recap_url,,,UEHEF11239,https://www.facebook.com/groups/210657489350109/permalink/2377149676034202/
tracking_recap,TRACKING _ SEASON 11.xlsx,Sheet15,536,duplicate_recap_url,,,UEHEM11169,https://www.facebook.com/groups/210657489350109/permalink/2376886392727197/
tracking_recap,TRACKING _ SEASON 11.xlsx,Sheet15,537,duplicate_recap_url,,,UEHEM11536,https://www.facebook.com/groups/210657489350109/permalink/2376881239394379/
tracking_recap,TRACKING _ SEASON 11.xlsx,Sheet15,538,duplicate_recap_url,,,UEHEF11264,https://www.facebook.com/groups/210657489350109/permalink/2376879582727878/
tracking_recap,TRACKING _ SEASON 11.xlsx,Sheet15,539,duplicate_recap_url,,,UEHEF11492,https://www.facebook.com/groups/210657489350109/permalink/2376801076069062/
tracking_recap,TRACKING _ SEASON 11.xlsx,Sheet15,540,duplicate_recap_url,,,UEHEF11237,https://www.facebook.com/groups/210657489350109/permalink/2376754929407010/
tracking_recap,TRACKING _ SEASON 11.xlsx,Sheet15,541,duplicate_recap_url,,,UEHEM11475,https://www.facebook.com/groups/210657489350109/permalink/2376736419408861/
tracking_recap,TRACKING _ SEASON 11.xlsx,Sheet15,542,duplicate_recap_url,,,UEHEM11606,https://www.facebook.com/groups/210657489350109/permalink/2376705956078574/
tracking_recap,TRACKING _ SEASON 11.xlsx,Sheet15,543,duplicate_recap_url,,,UEHEF11070,https://www.facebook.com/groups/210657489350109/permalink/2376548949427608/
tracking_recap,TRACKING _ SEASON 11.xlsx,Sheet15,544,duplicate_recap_url,,,UEHEF11364,https://www.facebook.com/groups/210657489350109/permalink/2376542092761627/
tracking_recap,TRACKING _ SEASON 11.xlsx,Sheet15,545,duplicate_recap_url,,,UEHEF11296,https://www.facebook.com/groups/210657489350109/permalink/2376520242763812/
tracking_recap,TRACKING _ SEASON 11.xlsx,Sheet15,546,duplicate_recap_url,,,UEHEF11125,https://www.facebook.com/groups/210657489350109/permalink/2376497239432779/
tracking_recap,TRACKING _ SEASON 11.xlsx,Sheet15,547,duplicate_recap_url,,,UEHEF11009,https://www.facebook.com/groups/210657489350109/permalink/2376465516102618/
tracking_recap,TRACKING _ SEASON 11.xlsx,Sheet15,548,duplicate_recap_url,,,UEHEF11431,https://www.facebook.com/groups/210657489350109/permalink/2376408866108283/
tracking_recap,TRACKING _ SEASON 11.xlsx,Sheet15,549,duplicate_recap_url,,,UEHEF11387,https://www.facebook.com/groups/210657489350109/permalink/2376199769462526/
tracking_recap,TRACKING _ SEASON 11.xlsx,Sheet15,550,duplicate_recap_url,,,UEHEF11333,https://www.facebook.com/groups/210657489350109/permalink/2376185792797257/
tracking_recap,TRACKING _ SEASON 11.xlsx,Sheet15,551,duplicate_recap_url,,,UEHEF11079,https://www.facebook.com/groups/210657489350109/permalink/2375878669494636/
tracking_recap,TRACKING _ SEASON 11.xlsx,Sheet15,552,duplicate_recap_url,,,UEHEF11174,https://www.facebook.com/groups/210657489350109/permalink/2375874226161747/
tracking_recap,TRACKING _ SEASON 11.xlsx,Sheet15,553,duplicate_recap_url,,,UEHEM11149,https://www.facebook.com/groups/210657489350109/permalink/2375825706166599/
tracking_recap,TRACKING _ SEASON 11.xlsx,Sheet15,554,duplicate_recap_url,,,UEHEF11115,https://www.facebook.com/groups/210657489350109/permalink/2375788569503646/
tracking_recap,TRACKING _ SEASON 11.xlsx,Sheet15,555,duplicate_recap_url,,,UEHEM11530,https://www.facebook.com/groups/210657489350109/permalink/2375684179514085/
tracking_recap,TRACKING _ SEASON 11.xlsx,Sheet15,556,duplicate_recap_url,,,UEHEF11141,https://www.facebook.com/groups/210657489350109/permalink/2375497609532742/
tracking_recap,TRACKING _ SEASON 11.xlsx,Sheet15,557,duplicate_recap_url,,,UEHEM11166,https://www.facebook.com/groups/210657489350109/permalink/2375490216200148/
tracking_recap,TRACKING _ SEASON 11.xlsx,Sheet15,558,duplicate_recap_url,,,UEHEF11171,https://www.facebook.com/groups/210657489350109/permalink/2375401789542324/
tracking_recap,TRACKING _ SEASON 11.xlsx,Sheet15,559,duplicate_recap_url,,,UEHEM11636,https://www.facebook.com/groups/210657489350109/permalink/2375124469570056/
tracking_recap,TRACKING _ SEASON 11.xlsx,Sheet15,560,duplicate_recap_url,,,UEHEF11336,https://www.facebook.com/groups/210657489350109/permalink/2374743219608181/
tracking_recap,TRACKING _ SEASON 11.xlsx,Sheet15,561,duplicate_recap_url,,,UEHEF11336,https://www.facebook.com/groups/210657489350109/permalink/2374502106298959/
tracking_recap,TRACKING _ SEASON 11.xlsx,Sheet15,562,duplicate_recap_url,,,UEHEM11259,https://www.facebook.com/groups/210657489350109/permalink/2374490226300147/
tracking_recap,TRACKING _ SEASON 11.xlsx,Sheet15,563,no_active_primary_match_for_mentee_code,,,UEHEF11235,https://www.facebook.com/groups/210657489350109/permalink/2374294502986386/
tracking_recap,TRACKING _ SEASON 11.xlsx,Sheet15,564,duplicate_recap_url,,,UEHEM11289,https://www.facebook.com/groups/210657489350109/permalink/2373370729745430/
tracking_recap,TRACKING _ SEASON 11.xlsx,Sheet18,1,duplicate_recap_url,,,UEHEF11283,https://www.facebook.com/groups/210657489350109/permalink/2477232122692623/
tracking_recap,TRACKING _ SEASON 11.xlsx,Sheet18,2,duplicate_recap_url,,,UEHEF11002,https://www.facebook.com/groups/210657489350109/permalink/2477226732693162/
tracking_recap,TRACKING _ SEASON 11.xlsx,Sheet18,3,duplicate_recap_url,,,UEHEM11585,https://www.facebook.com/groups/210657489350109/permalink/2477219532693882/
tracking_recap,TRACKING _ SEASON 11.xlsx,Sheet18,4,duplicate_recap_url,,,UEHEF11040,https://www.facebook.com/groups/210657489350109/permalink/2477217519360750/
tracking_recap,TRACKING _ SEASON 11.xlsx,Sheet18,5,duplicate_recap_url,,,UEHEM11537,https://www.facebook.com/groups/210657489350109/permalink/2477208969361605/
tracking_recap,TRACKING _ SEASON 11.xlsx,Sheet18,6,duplicate_recap_url,,,UEHEF11188,https://www.facebook.com/groups/210657489350109/permalink/2477190699363432/
tracking_recap,TRACKING _ SEASON 11.xlsx,Sheet18,7,duplicate_recap_url,,,UEHEF11400,https://www.facebook.com/groups/210657489350109/permalink/2477188126030356/
tracking_recap,TRACKING _ SEASON 11.xlsx,Sheet18,8,duplicate_recap_url,,,UEHEF11308,https://www.facebook.com/groups/210657489350109/permalink/2477178092698026/
tracking_recap,TRACKING _ SEASON 11.xlsx,Sheet18,9,duplicate_recap_url,,,UEHEM11559,https://www.facebook.com/groups/210657489350109/permalink/2477173522698483/
tracking_recap,TRACKING _ SEASON 11.xlsx,Sheet18,10,duplicate_recap_url,,,UEHEF11213,https://www.facebook.com/groups/210657489350109/permalink/2477169382698897/
tracking_recap,TRACKING _ SEASON 11.xlsx,Sheet18,11,duplicate_recap_url,,,UEHEF11078,https://www.facebook.com/groups/210657489350109/permalink/2477162126032956/
tracking_recap,TRACKING _ SEASON 11.xlsx,Sheet18,12,duplicate_recap_url,,,UEHEF11392,https://www.facebook.com/groups/210657489350109/permalink/2477156909366811/
tracking_recap,TRACKING _ SEASON 11.xlsx,Sheet18,13,duplicate_recap_url,,,UEHEM11562,https://www.facebook.com/groups/210657489350109/permalink/2477142649368237/
tracking_recap,TRACKING _ SEASON 11.xlsx,Sheet18,14,duplicate_recap_url,,,UEHEM11622,https://www.facebook.com/groups/210657489350109/permalink/2477125639369938/
tracking_recap,TRACKING _ SEASON 11.xlsx,Sheet18,15,duplicate_recap_url,,,UEHEM11261,https://www.facebook.com/groups/210657489350109/permalink/2477125006036668/
tracking_recap,TRACKING _ SEASON 11.xlsx,Sheet18,16,duplicate_recap_url,,,UEHEF11331,https://www.facebook.com/groups/210657489350109/permalink/2477121816036987/
tracking_recap,TRACKING _ SEASON 11.xlsx,Sheet18,17,cross_mentoring_needs_mentor_review,,,UEHEF11023,https://www.facebook.com/groups/210657489350109/permalink/2477120699370432/
tracking_recap,TRACKING _ SEASON 11.xlsx,Sheet18,18,duplicate_recap_url,,,UEHEF11107,https://www.facebook.com/groups/210657489350109/permalink/2477119709370531/
tracking_recap,TRACKING _ SEASON 11.xlsx,Sheet18,19,duplicate_recap_url,,,UEHEF11393,https://www.facebook.com/groups/210657489350109/permalink/2477114046037764/
tracking_recap,TRACKING _ SEASON 11.xlsx,Sheet18,20,duplicate_recap_url,,,UEHEM11616,https://www.facebook.com/groups/210657489350109/permalink/2477108116038357/
tracking_recap,TRACKING _ SEASON 11.xlsx,Sheet18,21,duplicate_recap_url,,,UEHEF11244,https://www.facebook.com/groups/210657489350109/permalink/2477077376041431/
tracking_recap,TRACKING _ SEASON 11.xlsx,Sheet18,22,duplicate_recap_url,,,UEHEM11349,https://www.facebook.com/groups/210657489350109/permalink/2477005239381978/
tracking_recap,TRACKING _ SEASON 11.xlsx,Sheet18,23,missing_meeting_date,,,UEHEF11229,https://www.facebook.com/groups/210657489350109/permalink/2476998712715964/
tracking_recap,TRACKING _ SEASON 11.xlsx,Sheet18,24,missing_meeting_date,,,UEHEF11226,https://www.facebook.com/groups/210657489350109/permalink/2476937219388780/
tracking_recap,TRACKING _ SEASON 11.xlsx,Sheet18,25,missing_meeting_date,,,UEHEM11013,https://www.facebook.com/groups/210657489350109/permalink/2476925659389936/
tracking_recap,TRACKING _ SEASON 11.xlsx,Sheet18,26,no_active_primary_match_for_mentee_code,,,UEHM11473,https://www.facebook.com/groups/210657489350109/permalink/2476909596058209/
tracking_recap,TRACKING _ SEASON 11.xlsx,Sheet18,27,duplicate_recap_url,,,UEHEF11367,https://www.facebook.com/groups/210657489350109/permalink/2476881736060995/
tracking_recap,TRACKING _ SEASON 11.xlsx,Sheet18,28,duplicate_recap_url,,,UEHEF11374,https://www.facebook.com/groups/210657489350109/permalink/2476772412738594/
tracking_recap,TRACKING _ SEASON 11.xlsx,Sheet18,29,duplicate_recap_url,,,UEHEM11605,https://www.facebook.com/groups/210657489350109/permalink/2476719022743933/
tracking_recap,TRACKING _ SEASON 11.xlsx,Sheet18,30,duplicate_recap_url,,,UEHEM11532,https://www.facebook.com/groups/210657489350109/permalink/2476711689411333/
tracking_recap,TRACKING _ SEASON 11.xlsx,Sheet18,31,duplicate_recap_url,,,UEHEM11586,https://www.facebook.com/groups/210657489350109/permalink/2476409266108242/
tracking_recap,TRACKING _ SEASON 11.xlsx,Sheet18,32,duplicate_recap_url,,,UEHEF11305,https://www.facebook.com/groups/210657489350109/permalink/2476313576117811/
tracking_recap,TRACKING _ SEASON 11.xlsx,Sheet18,33,duplicate_recap_url,,,UEHEF11462,https://www.facebook.com/groups/210657489350109/permalink/2476296296119539/
tracking_recap,TRACKING _ SEASON 11.xlsx,Sheet18,34,duplicate_recap_url,,,UEHEM11049,https://www.facebook.com/groups/210657489350109/permalink/2476286976120471/
tracking_recap,TRACKING _ SEASON 11.xlsx,Sheet18,35,duplicate_recap_url,,,UEHEM11101,https://www.facebook.com/groups/210657489350109/permalink/2476254119457090/
tracking_recap,TRACKING _ SEASON 11.xlsx,Sheet18,36,duplicate_recap_url,,,UEHEM11536,https://www.facebook.com/groups/210657489350109/permalink/2476230166126152/
tracking_recap,TRACKING _ SEASON 11.xlsx,Sheet18,37,duplicate_recap_url,,,UEHEM11278,https://www.facebook.com/groups/210657489350109/permalink/2476195422796293/
tracking_recap,TRACKING _ SEASON 11.xlsx,Sheet18,38,duplicate_recap_url,,,UEHEF11223,https://www.facebook.com/groups/210657489350109/permalink/2476125066136662/
tracking_recap,TRACKING _ SEASON 11.xlsx,Sheet18,39,duplicate_recap_url,,,UEHEM11636,https://www.facebook.com/groups/210657489350109/permalink/2475787189503783/
tracking_recap,TRACKING _ SEASON 11.xlsx,Sheet18,40,duplicate_recap_url,,,UEHEF11145,https://www.facebook.com/groups/210657489350109/permalink/2475745816174587/
tracking_recap,TRACKING _ SEASON 11.xlsx,Sheet18,41,duplicate_recap_url,,,UEHEM11595,https://www.facebook.com/groups/210657489350109/permalink/2475368369545665/
tracking_recap,TRACKING _ SEASON 11.xlsx,Sheet18,42,duplicate_recap_url,,,UEHEM11591,https://www.facebook.com/groups/210657489350109/permalink/2475286736220495/
tracking_recap,TRACKING _ SEASON 11.xlsx,Sheet18,43,duplicate_recap_url,,,UEHEF11108,https://www.facebook.com/groups/210657489350109/permalink/2475284766220692/
tracking_recap,TRACKING _ SEASON 11.xlsx,Sheet18,44,duplicate_recap_url,,,UEHEM11038,https://www.facebook.com/groups/210657489350109/permalink/2475017586247410/
tracking_recap,TRACKING _ SEASON 11.xlsx,Sheet18,45,duplicate_recap_url,,,UEHEM11555,https://www.facebook.com/groups/210657489350109/permalink/2475009639581538/
tracking_recap,TRACKING _ SEASON 11.xlsx,Sheet18,46,duplicate_recap_url,,,UEHEM11589,https://www.facebook.com/groups/210657489350109/permalink/2474338466315322/
tracking_recap,TRACKING _ SEASON 11.xlsx,Sheet18,47,duplicate_recap_url,,,UEHEF11191,https://www.facebook.com/groups/210657489350109/permalink/2474293082986527/
tracking_recap,TRACKING _ SEASON 11.xlsx,Sheet18,48,duplicate_recap_url,,,UEHEF11342,https://www.facebook.com/groups/210657489350109/permalink/2474106123005223/
tracking_recap,TRACKING _ SEASON 11.xlsx,Sheet18,49,duplicate_recap_url,,,UEHEM11594,https://www.facebook.com/groups/210657489350109/permalink/2474065589675943/
tracking_recap,TRACKING _ SEASON 11.xlsx,Sheet18,50,duplicate_recap_url,,,UEHEF11315,https://www.facebook.com/groups/210657489350109/permalink/2473993299683172/
tracking_recap,TRACKING _ SEASON 11.xlsx,Sheet18,51,duplicate_recap_url,,,UEHEM11550,https://www.facebook.com/groups/210657489350109/permalink/2473917049690797/
tracking_recap,TRACKING _ SEASON 11.xlsx,Sheet18,52,duplicate_recap_url,,,UEHEF11272,https://www.facebook.com/groups/210657489350109/permalink/2473433516405817/
tracking_recap,TRACKING _ SEASON 11.xlsx,Sheet18,53,duplicate_recap_url,,,UEHEM11589,https://www.facebook.com/groups/210657489350109/permalink/2473234866425682/
tracking_recap,TRACKING _ SEASON 11.xlsx,Sheet18,54,missing_meeting_date,,,UEHEM11441,https://www.facebook.com/groups/210657489350109/permalink/2473061136443055/
tracking_recap,TRACKING _ SEASON 11.xlsx,Sheet18,55,duplicate_recap_url,,,UEHSM11013,https://www.facebook.com/groups/210657489350109/permalink/2472798566469312/
tracking_recap,TRACKING _ SEASON 11.xlsx,Sheet18,56,duplicate_recap_url,,,UEHEM11628,https://www.facebook.com/groups/210657489350109/permalink/2472334696515699/
tracking_recap,TRACKING _ SEASON 11.xlsx,Sheet18,57,cross_mentoring_needs_mentor_review,,,UEHEF11250,https://www.facebook.com/groups/210657489350109/permalink/2471087043307131/
tracking_recap,TRACKING _ SEASON 11.xlsx,Sheet18,58,duplicate_recap_url,,,UEHEM11204,https://www.facebook.com/groups/210657489350109/permalink/2466426083773227/
tracking_recap,TRACKING _ SEASON 11.xlsx,Sheet18,59,missing_meeting_date; no_active_primary_match_for_mentee_code,,,UEHSF11011,https://www.facebook.com/groups/210657489350109/permalink/2465601240522378/
tracking_recap,TRACKING _ SEASON 11.xlsx,Sheet18,60,duplicate_recap_url,,,UEHEF11365,https://www.facebook.com/groups/210657489350109/permalink/2465395903876245/
tracking_recap,TRACKING _ SEASON 11.xlsx,Sheet18,61,cross_mentoring_needs_mentor_review,,,UEHEF11205,https://www.facebook.com/groups/210657489350109/permalink/2465327033883132/
tracking_recap,TRACKING _ SEASON 11.xlsx,Sheet18,62,duplicate_recap_url,,,UEHEF11030,https://www.facebook.com/groups/210657489350109/permalink/2464876970594805/
tracking_recap,TRACKING _ SEASON 11.xlsx,Sheet18,63,duplicate_recap_url,,,UEHEF11455,https://www.facebook.com/groups/210657489350109/permalink/2463892224026613/
tracking_recap,TRACKING _ SEASON 11.xlsx,Sheet18,64,duplicate_recap_url,,,UEHEF11181,https://www.facebook.com/groups/210657489350109/permalink/2463532927395876/
tracking_recap,TRACKING _ SEASON 11.xlsx,Sheet18,65,duplicate_recap_url,,,UEHEF11504,https://www.facebook.com/groups/210657489350109/permalink/2463376360744866/
tracking_recap,TRACKING _ SEASON 11.xlsx,Sheet18,66,duplicate_recap_url,,,UEHEM11515,https://www.facebook.com/groups/210657489350109/permalink/2463032387445930/
tracking_recap,TRACKING _ SEASON 11.xlsx,Sheet18,67,duplicate_recap_url,,,UEHEM11569,https://www.facebook.com/groups/210657489350109/permalink/2463025350779967/
tracking_recap,TRACKING _ SEASON 11.xlsx,Sheet18,68,duplicate_recap_url,,,UEHEF11060,https://www.facebook.com/groups/210657489350109/permalink/2460843057664863/
tracking_recap,TRACKING _ SEASON 11.xlsx,Sheet18,69,duplicate_recap_url,,,UEHEF11290,https://www.facebook.com/groups/210657489350109/permalink/2460672677681901/
tracking_recap,TRACKING _ SEASON 11.xlsx,Sheet18,70,duplicate_recap_url,,,UEHEM11094,https://www.facebook.com/groups/210657489350109/permalink/2460025047746664/
tracking_recap,TRACKING _ SEASON 11.xlsx,Sheet18,71,duplicate_recap_url,,,UEHEM11200,https://www.facebook.com/groups/210657489350109/permalink/2459844354431400/
tracking_recap,TRACKING _ SEASON 11.xlsx,Sheet18,72,duplicate_recap_url,,,UEHEF11298,https://www.facebook.com/groups/210657489350109/permalink/2459656227783546/
tracking_recap,TRACKING _ SEASON 11.xlsx,Sheet18,73,duplicate_recap_url,,,UEHEM11621,https://www.facebook.com/groups/210657489350109/permalink/2459032031179299/
tracking_recap,TRACKING _ SEASON 11.xlsx,Sheet18,74,duplicate_recap_url,,,UEHEF11467,https://www.facebook.com/groups/210657489350109/permalink/2458614504554385/
tracking_recap,TRACKING _ SEASON 11.xlsx,Sheet18,75,duplicate_recap_url,,,UEHEM11355,https://www.facebook.com/groups/210657489350109/permalink/2458591721223330/
tracking_recap,TRACKING _ SEASON 11.xlsx,Sheet18,76,duplicate_recap_url,,,UEHEM11422,https://www.facebook.com/groups/210657489350109/permalink/2458265654589270/
tracking_recap,TRACKING _ SEASON 11.xlsx,Sheet18,77,duplicate_recap_url,,,UEHEF11270,https://www.facebook.com/groups/210657489350109/permalink/2457964091286093/
tracking_recap,TRACKING _ SEASON 11.xlsx,Sheet18,78,duplicate_recap_url,,,UEHEM11644,https://www.facebook.com/groups/210657489350109/permalink/2457860771296425/
tracking_recap,TRACKING _ SEASON 11.xlsx,Sheet18,79,duplicate_recap_url,,,UEHEF11238,https://www.facebook.com/groups/210657489350109/permalink/2457622737986895/
tracking_recap,TRACKING _ SEASON 11.xlsx,Sheet18,80,missing_meeting_date,,,UEHEM11019,https://www.facebook.com/groups/210657489350109/permalink/2457182471364255/
tracking_recap,TRACKING _ SEASON 11.xlsx,Sheet18,81,duplicate_recap_url,,,UEHEM11438,https://www.facebook.com/groups/210657489350109/permalink/2457144354701400/
tracking_recap,TRACKING _ SEASON 11.xlsx,Sheet18,82,duplicate_recap_url,,,UEHEF11453,https://www.facebook.com/groups/210657489350109/permalink/2457144251368077/
tracking_recap,TRACKING _ SEASON 11.xlsx,Sheet18,83,duplicate_recap_url,,,UEHEF11224,https://www.facebook.com/groups/210657489350109/permalink/2456822131400289/
tracking_recap,TRACKING _ SEASON 11.xlsx,Sheet18,84,duplicate_recap_url,,,UEHEF11112,https://www.facebook.com/groups/210657489350109/permalink/2456627598086409/
tracking_event,TRACKING _ SEASON 11.xlsx,Sheet18,85,outside_phase2_event_scope,,,UEHEF11336,https://www.facebook.com/groups/210657489350109/permalink/2456463338102835/
tracking_recap,TRACKING _ SEASON 11.xlsx,Sheet18,86,duplicate_recap_url,,,UEHEF11366,https://www.facebook.com/groups/210657489350109/permalink/2456261804789655/
tracking_recap,TRACKING _ SEASON 11.xlsx,Sheet18,87,duplicate_recap_url,,,UEHEF11232,https://www.facebook.com/groups/210657489350109/permalink/2456208818128287/
tracking_event,TRACKING _ SEASON 11.xlsx,Sheet18,88,outside_phase2_event_scope,,,UEHEF11236,https://www.facebook.com/groups/210657489350109/permalink/2456165588132610/
tracking_event,TRACKING _ SEASON 11.xlsx,Sheet18,89,outside_phase2_event_scope,,,UEHEM11641,https://www.facebook.com/groups/210657489350109/permalink/2456124074803428/
tracking_recap,TRACKING _ SEASON 11.xlsx,Sheet18,90,duplicate_recap_url,,,UEHEM11104,https://www.facebook.com/groups/210657489350109/permalink/2455957721486730/
tracking_recap,TRACKING _ SEASON 11.xlsx,Sheet18,91,duplicate_recap_url,,,UEHEM11289,https://www.facebook.com/groups/210657489350109/permalink/2455874218161747/
tracking_event,TRACKING _ SEASON 11.xlsx,Sheet18,92,outside_phase2_event_scope,,,UEHEF11012,https://www.facebook.com/groups/210657489350109/permalink/2455795574836278/
tracking_event,TRACKING _ SEASON 11.xlsx,Sheet18,93,outside_phase2_event_scope,,,UEHEF11367,https://www.facebook.com/groups/210657489350109/permalink/2455773741505128/
tracking_recap,TRACKING _ SEASON 11.xlsx,Sheet18,94,duplicate_recap_url,,,UEHEM11356,https://www.facebook.com/groups/210657489350109/permalink/2455719084843927/
tracking_recap,TRACKING _ SEASON 11.xlsx,Sheet18,95,duplicate_recap_url,,,UEHEF11314,https://www.facebook.com/groups/210657489350109/permalink/2454832864932549/
tracking_event,TRACKING _ SEASON 11.xlsx,Sheet18,96,outside_phase2_event_scope,,,UEHEF11119,https://www.facebook.com/groups/210657489350109/permalink/2454809058268263/
tracking_recap,TRACKING _ SEASON 11.xlsx,Sheet18,97,duplicate_recap_url,,,UEHEF11479,https://www.facebook.com/groups/210657489350109/permalink/2454788944936941/
tracking_recap,TRACKING _ SEASON 11.xlsx,Sheet18,98,duplicate_recap_url,,,UEHEM11609,https://www.facebook.com/groups/210657489350109/permalink/2454731481609354/
tracking_event,TRACKING _ SEASON 11.xlsx,Sheet18,99,outside_phase2_event_scope,,,,https://www.facebook.com/groups/210657489350109/permalink/2454614564954379/
tracking_event,TRACKING _ SEASON 11.xlsx,Sheet18,100,outside_phase2_event_scope,,,UEHEM11084,https://www.facebook.com/groups/210657489350109/permalink/2454555908293578/
tracking_recap,TRACKING _ SEASON 11.xlsx,Sheet18,101,duplicate_recap_url,,,UEHEM11418,https://www.facebook.com/groups/210657489350109/permalink/2453874385028397/
tracking_recap,TRACKING _ SEASON 11.xlsx,Sheet18,102,duplicate_recap_url,,,UEHEF11354,https://www.facebook.com/groups/210657489350109/permalink/2453479748401194/
tracking_recap,TRACKING _ SEASON 11.xlsx,Sheet18,103,duplicate_recap_url,,,UEHEM11149,https://www.facebook.com/groups/210657489350109/permalink/2453227005093135/
tracking_recap,TRACKING _ SEASON 11.xlsx,Sheet18,104,duplicate_recap_url,,,UEHEF11267,https://www.facebook.com/groups/210657489350109/permalink/2453209321761570/
tracking_recap,TRACKING _ SEASON 11.xlsx,Sheet18,105,duplicate_recap_url,,,UEHEM11578,https://www.facebook.com/groups/210657489350109/permalink/2453030325112803/
tracking_recap,TRACKING _ SEASON 11.xlsx,Sheet18,106,missing_meeting_date,,,UEHEF11309,https://www.facebook.com/groups/210657489350109/permalink/2452947638454405/
tracking_event,TRACKING _ SEASON 11.xlsx,Sheet18,107,outside_phase2_event_scope,,,UEHEF11306,https://www.facebook.com/groups/210657489350109/permalink/2452882285127607/
tracking_recap,TRACKING _ SEASON 11.xlsx,Sheet18,108,duplicate_recap_url,,,UEHEF11026,https://www.facebook.com/groups/210657489350109/permalink/2452843271798175/
tracking_recap,TRACKING _ SEASON 11.xlsx,Sheet18,109,duplicate_recap_url,,,UEHEM11276,https://www.facebook.com/groups/210657489350109/permalink/2452782768470892/
tracking_recap,TRACKING _ SEASON 11.xlsx,Sheet18,110,duplicate_recap_url,,,UEHEF11095,https://www.facebook.com/groups/210657489350109/permalink/2452700715145764/
tracking_recap,TRACKING _ SEASON 11.xlsx,Sheet18,111,duplicate_recap_url,,,UEHEF11243,https://www.facebook.com/groups/210657489350109/permalink/2452621071820395/
tracking_recap,TRACKING _ SEASON 11.xlsx,Sheet18,112,duplicate_recap_url,,,UEHEF11144,https://www.facebook.com/groups/210657489350109/permalink/2452252195190616/
tracking_recap,TRACKING _ SEASON 11.xlsx,Sheet18,113,duplicate_recap_url,,,UEHEM11584,https://www.facebook.com/groups/210657489350109/permalink/2452238821858620/
tracking_recap,TRACKING _ SEASON 11.xlsx,Sheet18,114,duplicate_recap_url,,,UEHEM11049,https://www.facebook.com/groups/210657489350109/permalink/2452195011863001/
tracking_recap,TRACKING _ SEASON 11.xlsx,Sheet18,115,duplicate_recap_url,,,UEHEM11535,https://www.facebook.com/groups/210657489350109/permalink/2452182245197611/
tracking_recap,TRACKING _ SEASON 11.xlsx,Sheet18,116,duplicate_recap_url,,,UEHEM11103,https://www.facebook.com/groups/210657489350109/permalink/2452148531867649/
tracking_recap,TRACKING _ SEASON 11.xlsx,Sheet18,117,duplicate_recap_url,,,UEHEM11469,https://www.facebook.com/groups/210657489350109/permalink/2452125985203237/
tracking_recap,TRACKING _ SEASON 11.xlsx,Sheet18,118,duplicate_recap_url,,,UEHEM11170,https://www.facebook.com/groups/210657489350109/permalink/2452021828546986/
tracking_recap,TRACKING _ SEASON 11.xlsx,Sheet18,119,duplicate_recap_url,,,UEHEM11200,https://www.facebook.com/groups/210657489350109/permalink/2451985681883934/
tracking_recap,TRACKING _ SEASON 11.xlsx,Sheet18,120,duplicate_recap_url,,,UEHEM11525,https://www.facebook.com/groups/210657489350109/permalink/2451973545218481/
tracking_recap,TRACKING _ SEASON 11.xlsx,Sheet18,121,duplicate_recap_url,,,UEHEM11520,https://www.facebook.com/groups/210657489350109/permalink/2451951695220666/
tracking_recap,TRACKING _ SEASON 11.xlsx,Sheet18,122,cross_mentoring_needs_mentor_review,,,UEHEM11219,https://www.facebook.com/groups/210657489350109/permalink/2451946898554479/
tracking_recap,TRACKING _ SEASON 11.xlsx,Sheet18,123,duplicate_recap_url,,,UEHEF11242,https://www.facebook.com/groups/210657489350109/permalink/2451836385232197/
tracking_recap,TRACKING _ SEASON 11.xlsx,Sheet18,124,duplicate_recap_url,,,UEHEF11124,https://www.facebook.com/groups/210657489350109/permalink/2451805825235253/
tracking_recap,TRACKING _ SEASON 11.xlsx,Sheet18,125,duplicate_recap_url,,,UEHEF11337,https://www.facebook.com/groups/210657489350109/permalink/2451714288577740/
tracking_recap,TRACKING _ SEASON 11.xlsx,Sheet18,126,duplicate_recap_url,,,UEHEF11353,https://www.facebook.com/groups/210657489350109/permalink/2451435421938960/
tracking_recap,TRACKING _ SEASON 11.xlsx,Sheet18,127,no_active_primary_match_for_mentee_code,,,UEHEF1189,https://www.facebook.com/groups/210657489350109/permalink/2451397181942784/
tracking_recap,TRACKING _ SEASON 11.xlsx,Sheet18,128,duplicate_recap_url,,,UEHEM11575,https://www.facebook.com/groups/210657489350109/permalink/2451367518612417/
tracking_recap,TRACKING _ SEASON 11.xlsx,Sheet18,129,missing_meeting_date,,,UEHEF11316,https://www.facebook.com/groups/210657489350109/permalink/2451351411947361/
tracking_recap,TRACKING _ SEASON 11.xlsx,Sheet18,130,no_active_primary_match_for_mentee_code,,,UEHEM11623,https://www.facebook.com/groups/210657489350109/permalink/2451314801951022/
tracking_recap,TRACKING _ SEASON 11.xlsx,Sheet18,131,missing_meeting_date; no_active_primary_match_for_mentee_code,,,UEHSF11008,https://www.facebook.com/groups/210657489350109/permalink/2451286611953841/
tracking_recap,TRACKING _ SEASON 11.xlsx,Sheet18,132,duplicate_recap_url,,,UEHEM11629,https://www.facebook.com/groups/210657489350109/permalink/2451081098641059/
tracking_recap,TRACKING _ SEASON 11.xlsx,Sheet18,133,duplicate_recap_url,,,UEHEF11305,https://www.facebook.com/groups/210657489350109/permalink/2450839588665210/
tracking_recap,TRACKING _ SEASON 11.xlsx,Sheet18,134,duplicate_recap_url,,,UEHEF11057,https://www.facebook.com/groups/210657489350109/permalink/2450676868681482/
tracking_recap,TRACKING _ SEASON 11.xlsx,Sheet18,135,duplicate_recap_url,,,UEHEM11514,https://www.facebook.com/groups/210657489350109/permalink/2450669815348854/
tracking_recap,TRACKING _ SEASON 11.xlsx,Sheet18,136,duplicate_recap_url,,,UEHEM11614,https://www.facebook.com/groups/210657489350109/permalink/2450618362020666/
tracking_recap,TRACKING _ SEASON 11.xlsx,Sheet18,137,duplicate_recap_url,,,UEHEF11180,https://www.facebook.com/groups/210657489350109/permalink/2450617882020714/
tracking_recap,TRACKING _ SEASON 11.xlsx,Sheet18,138,duplicate_recap_url,,,UEHEF11457,https://www.facebook.com/groups/210657489350109/permalink/2450617492020753/
tracking_recap,TRACKING _ SEASON 11.xlsx,Sheet12,1,missing_mentee_code; no_active_primary_match_for_mentee_code,,,,https://www.facebook.com/groups/210657489350109/permalink/2311724565910047/
tracking_recap,TRACKING _ SEASON 11.xlsx,Sheet12,2,missing_mentee_code; no_active_primary_match_for_mentee_code,,,,https://www.facebook.com/groups/210657489350109/permalink/2307839836298520/
tracking_recap,TRACKING _ SEASON 11.xlsx,Sheet12,3,missing_mentee_code; no_active_primary_match_for_mentee_code,,,,https://www.facebook.com/groups/210657489350109/permalink/2306399603109210/
tracking_recap,TRACKING _ SEASON 11.xlsx,Sheet12,4,recap_type=other/unknown,,,,https://www.facebook.com/groups/210657489350109/permalink/2301807633568407/
tracking_event,TRACKING _ SEASON 11.xlsx,Sheet12,5,outside_phase2_event_scope,,,,https://www.facebook.com/groups/210657489350109/permalink/2299960917086412/
tracking_event,TRACKING _ SEASON 11.xlsx,Sheet12,6,outside_phase2_event_scope,,,,https://www.facebook.com/groups/210657489350109/permalink/2299929927089511/
tracking_event,TRACKING _ SEASON 11.xlsx,Sheet12,7,outside_phase2_event_scope,,,,https://www.facebook.com/groups/210657489350109/permalink/2299759537106550/
tracking_event,TRACKING _ SEASON 11.xlsx,Sheet12,8,outside_phase2_event_scope,,,,https://www.facebook.com/groups/210657489350109/permalink/2299743363774834/
tracking_event,TRACKING _ SEASON 11.xlsx,Sheet12,9,outside_phase2_event_scope,,,,https://www.facebook.com/groups/210657489350109/permalink/2298920040523833/
tracking_event,TRACKING _ SEASON 11.xlsx,Sheet12,10,outside_phase2_event_scope,,,,https://www.facebook.com/groups/210657489350109/permalink/2297843537298150/
tracking_recap,TRACKING _ SEASON 11.xlsx,Sheet12,11,missing_mentee_code; no_active_primary_match_for_mentee_code,,,,https://www.facebook.com/groups/210657489350109/permalink/2297839640631873/
tracking_event,TRACKING _ SEASON 11.xlsx,Sheet12,12,outside_phase2_event_scope,,,,https://www.facebook.com/groups/210657489350109/permalink/2295913754157795/
tracking_recap,TRACKING _ SEASON 11.xlsx,Sheet12,13,missing_mentee_code; missing_meeting_date; no_active_primary_match_for_mentee_code,,,,https://www.facebook.com/groups/210657489350109/permalink/2295507364198434/
tracking_event,TRACKING _ SEASON 11.xlsx,Sheet12,14,outside_phase2_event_scope,,,,https://www.facebook.com/groups/210657489350109/permalink/2294436284305542/
tracking_event,TRACKING _ SEASON 11.xlsx,Sheet12,15,outside_phase2_event_scope,,,,https://www.facebook.com/groups/210657489350109/permalink/2293656024383568/
tracking_recap,TRACKING _ SEASON 11.xlsx,Sheet12,16,missing_mentee_code; no_active_primary_match_for_mentee_code,,,,https://www.facebook.com/groups/210657489350109/permalink/2291703111245526/
tracking_recap,TRACKING _ SEASON 11.xlsx,Sheet12,17,missing_mentee_code; no_active_primary_match_for_mentee_code,,,,https://www.facebook.com/groups/210657489350109/permalink/2289731201442717/
tracking_recap,TRACKING _ SEASON 11.xlsx,Sheet12,18,missing_mentee_code; no_active_primary_match_for_mentee_code,,,,https://www.facebook.com/groups/210657489350109/permalink/2289225944826576/
tracking_recap,TRACKING _ SEASON 11.xlsx,Sheet12,19,missing_mentee_code; no_active_primary_match_for_mentee_code,,,,https://www.facebook.com/groups/210657489350109/permalink/2288777084871462/
tracking_recap,TRACKING _ SEASON 11.xlsx,Sheet12,20,missing_mentee_code; no_active_primary_match_for_mentee_code,,,,https://www.facebook.com/groups/210657489350109/permalink/2286161621799675/
tracking_recap,TRACKING _ SEASON 11.xlsx,Sheet12,21,missing_mentee_code; no_active_primary_match_for_mentee_code,,,,https://www.facebook.com/groups/210657489350109/permalink/2285462431869594/
tracking_recap,TRACKING _ SEASON 11.xlsx,Sheet12,22,missing_mentee_code; no_active_primary_match_for_mentee_code,,,,https://www.facebook.com/groups/210657489350109/permalink/2284197531996084/
tracking_recap,TRACKING _ SEASON 11.xlsx,Sheet12,23,missing_mentee_code; no_active_primary_match_for_mentee_code,,,,https://www.facebook.com/groups/210657489350109/permalink/2283729788709525/
tracking_event,TRACKING _ SEASON 11.xlsx,Sheet12,28,outside_phase2_event_scope,,,,https://www.facebook.com/groups/210657489350109/permalink/2299929927089511/
tracking_recap,TRACKING _ SEASON 11.xlsx,Sheet12,29,recap_type=other/unknown,,,,https://www.facebook.com/groups/210657489350109/permalink/2299759537106550/
tracking_recap,TRACKING _ SEASON 11.xlsx,Sheet12,34,missing_mentee_code; missing_meeting_date; no_active_primary_match_for_mentee_code,,,,https://www.facebook.com/groups/210657489350109/permalink/2295507364198434/
tracking_recap,TRACKING _ SEASON 11.xlsx,Sheet12,35,recap_type=other/unknown,,,,https://www.facebook.com/groups/210657489350109/permalink/2294436284305542/
tracking_recap,TRACKING _ SEASON 11.xlsx,Sheet12,40,missing_mentee_code; no_active_primary_match_for_mentee_code,,,,https://www.facebook.com/groups/210657489350109/permalink/2286161621799675/
tracking_recap,TRACKING _ SEASON 11.xlsx,Sheet12,41,recap_type=other/unknown,,,,https://www.facebook.com/groups/210657489350109/permalink/2285462431869594/
tracking_recap,TRACKING _ SEASON 11.xlsx,Sheet20,1,missing_url,,,UEHSF11005,[RECAP BUỔI GẶP MẶT SỐ 05 - 31/03/2026]
tracking_recap,TRACKING _ SEASON 11.xlsx,Sheet20,2,missing_url; no_active_primary_match_for_mentee_code,,,UEHEF1106,Imported Facebook recap
tracking_recap,TRACKING _ SEASON 11.xlsx,Sheet20,3,missing_url,,,UEHEF11434,[RECAP BUỔI 2 - 23/03/2026]
tracking_event,TRACKING _ SEASON 11.xlsx,Sheet20,4,outside_phase2_event_scope,,,UEHEM11349,"[RECAP TRAINING 06: ""STORYTELLING - TELL IT YOUR WAY"" - 25/03/2026]"
tracking_recap,TRACKING _ SEASON 11.xlsx,Sheet20,5,missing_url,,,UEHEF11314,[RECAP BUỔI 04 - 26/03/2026]
tracking_recap,TRACKING _ SEASON 11.xlsx,Sheet20,6,missing_url,,,UEHEM11428,[RECAP BUỔI 3 - 30/03/2026]
tracking_recap,TRACKING _ SEASON 11.xlsx,Sheet20,7,missing_url,,,UEHEM11081,[RECAP BUỔI 3 - 10/03/2026]
tracking_recap,TRACKING _ SEASON 11.xlsx,Sheet20,8,missing_url; missing_meeting_date; no_active_primary_match_for_mentee_code,,,UEHF11130,Imported Facebook recap
tracking_recap,TRACKING _ SEASON 11.xlsx,Sheet20,9,missing_url,,,UEHEF11246,[RECAP BUỔI 26/03/2026]
tracking_recap,TRACKING _ SEASON 11.xlsx,Sheet20,10,missing_url,,,UEHEF11340,[RECAP BUỔI 4 - 29/03/2026]
tracking_recap,TRACKING _ SEASON 11.xlsx,Sheet20,11,missing_url,,,UEHEF11374,[RECAP BUỔI 04 – 28/03/2026]
tracking_recap,TRACKING _ SEASON 11.xlsx,Sheet20,12,missing_url,,,UEHEF11488,[RECAP BUỔI 4 - 31/03/2026]
tracking_recap,TRACKING _ SEASON 11.xlsx,Sheet20,13,missing_url,,,UEHEM11605,[RECAP BUỔI 5 - 31/03/2026]
tracking_recap,TRACKING _ SEASON 11.xlsx,Sheet20,14,missing_url; missing_meeting_date,,,UEHEF11226,[Recap buổi 3 [#UEHEF11226]
tracking_recap,TRACKING _ SEASON 11.xlsx,Sheet20,15,missing_url,,,UEHEF11270,Imported Facebook recap
tracking_recap,TRACKING _ SEASON 11.xlsx,Sheet20,16,missing_url,,,UEHEF11382,[RECAP BUỔI 4 - 26/03/2026]
tracking_recap,TRACKING _ SEASON 11.xlsx,Sheet20,17,missing_url,,,UEHEM11621,[RECAP BUỔI 5 - 29/3/2025]
tracking_recap,TRACKING _ SEASON 11.xlsx,Sheet20,18,missing_url,,,UEHEF11043,[RECAP BUỔI 4 - 30/03/2026]
tracking_recap,TRACKING _ SEASON 11.xlsx,Sheet20,19,missing_url,,,UEHEF11464,[RECAP BUỔI 4 - 31/03/2026]
tracking_recap,TRACKING _ SEASON 11.xlsx,Sheet20,20,missing_url; cross_mentoring_needs_mentor_review,,,UEHEM11104,[RECAP BUỔI Cross Mentoring - 11/3/2026]
tracking_recap,TRACKING _ SEASON 11.xlsx,Sheet20,21,missing_url,,,UEHEM11590,[RECAP BUỔI 4 - 31/3/2026]
tracking_recap,TRACKING _ SEASON 11.xlsx,Sheet20,22,missing_url,,,UEHEF11431,[RECAP BUỔI 3 - 25/3/2026]
tracking_recap,TRACKING _ SEASON 11.xlsx,Sheet20,23,missing_url; missing_meeting_date,,,UEHEM11562,[RECAP BUỔI 4 - 29/03]
tracking_recap,TRACKING _ SEASON 11.xlsx,Sheet20,24,missing_url,,,UEHEM11603,[RECAP BUỔI 03 - 14/03/2026]
tracking_recap,TRACKING _ SEASON 11.xlsx,Sheet20,25,missing_url,,,UEHEF11065,[RECAP BUỔI 3 - 04/3/2026]
tracking_recap,TRACKING _ SEASON 11.xlsx,Sheet20,26,missing_url,,,UEHEM11643,Imported Facebook recap
tracking_event,TRACKING _ SEASON 11.xlsx,Sheet20,27,outside_phase2_event_scope,,,UEHEM11537,[RECAP TRAINING 06 – STORYTELLING: TELLING IT YOUR WAY]
tracking_event,TRACKING _ SEASON 11.xlsx,Sheet20,28,outside_phase2_event_scope,,,UEHEF11492,[RECAP TRAINING 06: STORYTELLING – TELL IT YOUR WAY | 25/03/2026]
tracking_recap,TRACKING _ SEASON 11.xlsx,Sheet20,29,missing_url; cross_mentoring_needs_mentor_review,,,UEHEF11390,[RECAP BUỔI 4 - 19/03/2026]
tracking_recap,TRACKING _ SEASON 11.xlsx,Sheet20,30,missing_url; missing_meeting_date,,,UEHEM11025,[RECAP BUỔI 6 - 30/03]
tracking_recap,TRACKING _ SEASON 11.xlsx,Sheet20,31,missing_url,,,UEHEM11559,[RECAP BUỔI 5]
tracking_recap,TRACKING _ SEASON 11.xlsx,Sheet20,32,missing_url; missing_meeting_date,,,UEHEM11566,Imported Facebook recap
tracking_event,TRACKING _ SEASON 11.xlsx,Sheet20,33,outside_phase2_event_scope,,,UEHEF11018,"[RECAP TRAINING 06: ""STORYTELLING - TELL IT YOUR WAY"" - 25/03/2026]"
tracking_recap,TRACKING _ SEASON 11.xlsx,Sheet20,34,missing_url; missing_meeting_date,,,UEHEF11446,[RECAP BUỔI 3 – 29- 03- 2026]
tracking_recap,TRACKING _ SEASON 11.xlsx,Sheet20,35,missing_url,,,UEHEM11553,[RECAP BUỔI 3 – 29/03/2026]
tracking_recap,TRACKING _ SEASON 11.xlsx,Sheet20,36,missing_url,,,UEHEF11310,[RECAP BUỔI 3 - 21/03/2026]
tracking_event,TRACKING _ SEASON 11.xlsx,Sheet20,37,outside_phase2_event_scope,,,UEHEF11256,"[RECAP TRAINING 06: ""STORYTELLING - TELL IT YOUR WAY"" - 25/03/2026]"
tracking_recap,TRACKING _ SEASON 11.xlsx,Sheet20,38,missing_url,,,UEHEF11352,[RECAP BUỔI 04 - 30/03/2026]
tracking_recap,TRACKING _ SEASON 11.xlsx,Sheet20,39,missing_url,,,UEHEF11057,[RECAP BUỔI 30/03/2026]
tracking_recap,TRACKING _ SEASON 11.xlsx,Sheet20,40,missing_url; no_active_primary_match_for_mentee_code,,,UEHEM11073,Imported Facebook recap
tracking_recap,TRACKING _ SEASON 11.xlsx,Sheet20,41,missing_url,,,UEHEM11551,[RECAP BUỔI 4 | 30/03/2026]
tracking_recap,TRACKING _ SEASON 11.xlsx,Sheet20,42,missing_url,,,UEHEM11183,[RECAP BUỔI 3 - 29/03/2026]
tracking_event,TRACKING _ SEASON 11.xlsx,Sheet20,43,outside_phase2_event_scope,,,UEHEM11293,[RECAP TRAINING 6 CV STORYTELLING - 25/3/2026]
tracking_recap,TRACKING _ SEASON 11.xlsx,Sheet20,44,missing_url,,,UEHEF11108,[RECAP BUỔI 3 - 30/3/2026]
tracking_recap,TRACKING _ SEASON 11.xlsx,Sheet20,45,missing_url,,,UEHEF11238,[RECAP BUỔI 4 - 30/03/2026]
tracking_recap,TRACKING _ SEASON 11.xlsx,Sheet20,46,missing_url; no_active_primary_match_for_mentee_code,,,UEHEM11073,[Recap buổi 2: 10/3/2026]
tracking_recap,TRACKING _ SEASON 11.xlsx,Sheet20,47,missing_url,,,UEHEM11591,[RECAP BUỔI 4 - 29/03/2026]
tracking_recap,TRACKING _ SEASON 11.xlsx,Sheet20,48,missing_url,,,UEHEF11145,[RECAP BUỔI 4– 30/3/2026]
tracking_recap,TRACKING _ SEASON 11.xlsx,Sheet20,49,missing_url,,,UEHEF11354,[RECAP BUỔI MENTORING - 27/03/2026]
tracking_recap,TRACKING _ SEASON 11.xlsx,Sheet20,50,missing_url; cross_mentoring_needs_mentor_review,,,UEHEM11469,[RECAP BUỔI 5 - 29/03/2026]
tracking_recap,TRACKING _ SEASON 11.xlsx,Sheet20,51,missing_url,,,UEHEF11001,[RECAP BUỔI 4 - 30/3/2026]
tracking_recap,TRACKING _ SEASON 11.xlsx,Sheet20,52,missing_url,,,UEHEM11589,[RECAP BUỔI 4 - 01/3/2026]
tracking_recap,TRACKING _ SEASON 11.xlsx,Sheet20,53,missing_url,,,UEHEF11303,[RECAP BUỔI 5 - 29/3/2026]
tracking_recap,TRACKING _ SEASON 11.xlsx,Sheet20,54,missing_url,,,UEHEF11280,[RECAP BUỔI 4 - 15/03/2026]
tracking_event,TRACKING _ SEASON 11.xlsx,Sheet20,55,outside_phase2_event_scope,,,UEHEF11372,[RECAP TRAINING SESSION 2 - 29/03/2026]
tracking_recap,TRACKING _ SEASON 11.xlsx,Sheet20,56,missing_url,,,UEHEM11038,[RECAP BUỔI 4 - 29/03/2026]
tracking_recap,TRACKING _ SEASON 11.xlsx,Sheet20,57,missing_url,,,UEHEM11165,[RECAP BUỔI 5 - 30/03/2026]
tracking_recap,TRACKING _ SEASON 11.xlsx,Sheet20,58,missing_url,,,UEHEM11610,[RECAP BUỔI 3 - 28/03/2026]
tracking_recap,TRACKING _ SEASON 11.xlsx,Sheet20,59,missing_url,,,UEHEM11612,[RECAP BUỔI 5 - 29/3/2026]
tracking_recap,TRACKING _ SEASON 11.xlsx,Sheet20,60,missing_url,,,UEHEM11361,[RECAP BUỔI 4 - 30/3/2026]
tracking_recap,TRACKING _ SEASON 11.xlsx,Sheet20,61,missing_url; missing_mentee_code; no_active_primary_match_for_mentee_code,,,,[RECAP BUỔI 3 - 27/03/2026]
tracking_recap,TRACKING _ SEASON 11.xlsx,Sheet20,62,missing_url; cross_mentoring_needs_mentor_review,,,UEHEM11219,[RECAP BUỔI 02 - 28/03/2026]
tracking_recap,TRACKING _ SEASON 11.xlsx,Sheet20,63,missing_url,,,UEHEM11525,[RECAP BUỔI 5 - 30/3/2026]
tracking_recap,TRACKING _ SEASON 11.xlsx,Sheet20,64,missing_url,,,UEHEF11343,[RECAP BUỔI 4 - 26/3/2026]
tracking_recap,TRACKING _ SEASON 11.xlsx,Sheet20,65,missing_url,,,UEHEM11569,[RECAP BUỔI 04 - 29/03/2026]
tracking_recap,TRACKING _ SEASON 11.xlsx,Sheet20,66,missing_url,,,UEHEF11283,[RECAP BUỔI 4 - 29/03/2026]
tracking_recap,TRACKING _ SEASON 11.xlsx,Sheet20,67,missing_url,,,UEHEF11004,[RECAP BUỔI 3 - 15/03/2025]
tracking_recap,TRACKING _ SEASON 11.xlsx,Sheet20,68,missing_url,,,UEHEM11045,Imported Facebook recap
tracking_recap,TRACKING _ SEASON 11.xlsx,Sheet20,69,missing_url,,,UEHEM11186,[RECAP BUỔI 03 - 29/03/2026]
tracking_recap,TRACKING _ SEASON 11.xlsx,Sheet20,70,missing_url; no_active_primary_match_for_mentee_code,,,UEHEF11119,[RECAP BUỔI 3 – Ngày 29/3/2026]
tracking_recap,TRACKING _ SEASON 11.xlsx,Sheet20,71,missing_url; no_active_primary_match_for_mentee_code,,,UEHEM11528,[RECAP BUỔI 3 - 29/03/2026]
tracking_event,TRACKING _ SEASON 11.xlsx,Sheet20,72,outside_phase2_event_scope,,,UEHEF11367,[RECAP TRAINING SESSION 06: “StoryTelling: Tell it your way” - 25/03/2026]
tracking_recap,TRACKING _ SEASON 11.xlsx,Sheet20,73,missing_url; missing_meeting_date,,,UEHEF11391,Imported Facebook recap
tracking_recap,TRACKING _ SEASON 11.xlsx,Sheet20,74,missing_url,,,UEHEF11367,[RECAP BUỔI 5 - 22/03/2026]
tracking_recap,TRACKING _ SEASON 11.xlsx,Sheet20,75,missing_url; missing_meeting_date,,,UEHEF11285,[Recap buổi 3 - 29/3]
tracking_recap,TRACKING _ SEASON 11.xlsx,Sheet20,76,missing_url,,,UEHEM11515,[RECAP BUỔI 3 - 26/03/2026]
tracking_event,TRACKING _ SEASON 11.xlsx,Sheet20,77,outside_phase2_event_scope,,,UEHEM11602,[RECAP TRAINING SESSION 06: “StoryTelling: Tell it your way” - 25/03/2026]
tracking_recap,TRACKING _ SEASON 11.xlsx,Sheet20,78,missing_url,,,UEHEF11118,[RECAP BUỔI 3 - 28/3/2025]
tracking_recap,TRACKING _ SEASON 11.xlsx,Sheet20,79,missing_url,,,UEHEM11170,[RECAP BUỔI 5 - 27/03/2026]
tracking_recap,TRACKING _ SEASON 11.xlsx,Sheet20,80,missing_url,,,UEHEM11097,[RECAP BUỔI 5 - 28/03/2026]
tracking_event,TRACKING _ SEASON 11.xlsx,Sheet20,81,outside_phase2_event_scope,,,UEHEM11350,[RECAP TRAINING SESSION 06: “StoryTelling: Tell it your way” - 25/03/2026]
tracking_recap,TRACKING _ SEASON 11.xlsx,Sheet20,82,missing_url,,,UEHEM11324,[RECAP BUỔI 5 – 28/3/2026]
tracking_recap,TRACKING _ SEASON 11.xlsx,Sheet20,83,missing_url,,,UEHEM11084,[RECAP BUỔI 5 - 22/03/2026]
tracking_recap,TRACKING _ SEASON 11.xlsx,Sheet20,84,missing_url; cross_mentoring_needs_mentor_review,,,UEHEF11067,[RECAP BUỔI 03 - 28/03/2026]
tracking_recap,TRACKING _ SEASON 11.xlsx,Sheet20,85,missing_url,,,UEHEF11107,[RECAP MENTORING BUỔI 5 - 22/03/2025]
tracking_recap,TRACKING _ SEASON 11.xlsx,Sheet20,86,missing_url,,,UEHEM11582,[RECAP BUỔI 3 - 28/03/2026]
tracking_event,TRACKING _ SEASON 11.xlsx,Sheet20,87,outside_phase2_event_scope,,,,[RECAP TRAINING SESSION 6 - STORYTELLING - 25/03/2026]
tracking_recap,TRACKING _ SEASON 11.xlsx,Sheet20,88,missing_url; missing_meeting_date,,,UEHEF11229,[RECAP BUỔI 5]
tracking_event,TRACKING _ SEASON 11.xlsx,Sheet20,89,outside_phase2_event_scope,,,UEHEF11306,[RECAP TRAINING SESSION 06: “StoryTelling: Tell it your way” - 25/03/2026]
tracking_event,TRACKING _ SEASON 11.xlsx,Sheet20,90,outside_phase2_event_scope,,,UEHEF11452,"[RECAP TRAINING SESSION 06: ""STORY TELLING- TELL IT YOUR WAY""- 25/03/2026]"
tracking_recap,TRACKING _ SEASON 11.xlsx,Sheet20,91,missing_url,,,UEHEF11371,[RECAP BUỔI 2– 28/3/2026]
tracking_event,TRACKING _ SEASON 11.xlsx,Sheet20,92,outside_phase2_event_scope,,,UEHEM11582,"[RECAP TRAINING SESSION 06: ""STORYTELLING – TELL IT YOUR WAY""]"
tracking_event,TRACKING _ SEASON 11.xlsx,Sheet20,93,outside_phase2_event_scope,,,UEHEM11554,[RECAP TRAINING SESSION 6: STORYTELLING - TELL IT YOUR WAY]
tracking_event,TRACKING _ SEASON 11.xlsx,Sheet20,94,outside_phase2_event_scope,,,UEHEF11267,[RECAP TRAINING 06 – STORYTELLING: TELLING IT YOUR WAY]
tracking_recap,TRACKING _ SEASON 11.xlsx,Sheet20,95,missing_url,,,UEHEF11179,Imported Facebook recap
tracking_event,TRACKING _ SEASON 11.xlsx,Sheet20,96,outside_phase2_event_scope,,,UEHEF11037,[RECAP TRAINNING SESSION 06: STRORY TELLING - TELLING IT YOUR WAY]
tracking_recap,TRACKING _ SEASON 11.xlsx,Sheet20,97,missing_url; missing_meeting_date,,,UEHEF11236,[RECAP 5 - 28/03/ 2026]
tracking_recap,TRACKING _ SEASON 11.xlsx,Sheet20,98,missing_url,,,UEHEF11096,[RECAP Buổi 2 - 27/3/2025]
tracking_event,TRACKING _ SEASON 11.xlsx,Sheet20,99,outside_phase2_event_scope,,,UEHEF11139,[RECAP TRAINING SESSION 06: “StoryTelling: Tell it your way” - 25/03/2026]
tracking_event,TRACKING _ SEASON 11.xlsx,Sheet20,100,outside_phase2_event_scope,,,UEHEF11476,Imported Facebook recap
tracking_recap,TRACKING _ SEASON 11.xlsx,Sheet20,101,missing_url,,,UEHEF11064,[RECAP BUỔI 4 - 23/3/2026]
tracking_recap,TRACKING _ SEASON 11.xlsx,Sheet20,102,missing_url; cross_mentoring_needs_mentor_review,,,UEHEF11151,[RECAP BUỔI CROSS MENTORING - 11/3/2026]
tracking_recap,TRACKING _ SEASON 11.xlsx,Sheet20,103,missing_url,,,UEHEM11564,[RECAP MENTOR BUỔI 5 - 28/3/2026]
tracking_recap,TRACKING _ SEASON 11.xlsx,Sheet20,104,missing_url,,,UEHEM11261,[RECAP BUỔI 5 - 27/03/2026]
tracking_event,TRACKING _ SEASON 11.xlsx,Sheet20,105,outside_phase2_event_scope,,,UEHEF11374,[RECAP TRAINING SESSION 06: STORYTELLING - TELL IT YOUR WAY]
tracking_event,TRACKING _ SEASON 11.xlsx,Sheet20,106,outside_phase2_event_scope,,,UEHEM11536,[RECAP TRAINING SESSION 06: STORYTELLING - TELL IT YOUR WAY - 25/3/2026]
tracking_event,TRACKING _ SEASON 11.xlsx,Sheet20,107,outside_phase2_event_scope,,,UEHEF11314,[RECAP TRAINING SESSION 06: STORYTELLING - TELL IT YOUR WAY]
tracking_event,TRACKING _ SEASON 11.xlsx,Sheet20,108,outside_phase2_event_scope,,,UEHEF11302,[RECAP TRAINING 06: “STORYTELLING – TELL IT YOUR WAY” - 25/3/2026]
tracking_recap,TRACKING _ SEASON 11.xlsx,Sheet20,109,missing_url,,,UEHEM11087,[RECAP BUỔI 4 - 28/03/2026]
tracking_recap,TRACKING _ SEASON 11.xlsx,Sheet20,110,missing_url,,,UEHEF11144,[RECAP BUỔI 4 – 22/03/2026]
tracking_event,TRACKING _ SEASON 11.xlsx,Sheet20,111,outside_phase2_event_scope,,,UEHEM11604,Imported Facebook recap
tracking_event,TRACKING _ SEASON 11.xlsx,Sheet20,112,outside_phase2_event_scope,,,UEHEF11178,[RECAP TRAINING SESSION 06: STORYTELLING - TELL IT YOUR WAY | 25/03/2026]
tracking_event,TRACKING _ SEASON 11.xlsx,Sheet20,113,outside_phase2_event_scope,,,UEHEM11569,[RECAP TRAINING SESSION 06: STORYTELLING – TELL IT YOUR WAY | 25/03/2026]
tracking_event,TRACKING _ SEASON 11.xlsx,Sheet20,114,outside_phase2_event_scope,,,UEHEF11095,"[RECAP TRAINING SESSION 06: ""STORY TELLING- TELL IT YOUR WAY""- 25/03/2026]"
tracking_event,TRACKING _ SEASON 11.xlsx,Sheet20,115,outside_phase2_event_scope,,,UEHEF11445,[RECAP TRAINING 06 CHỦ ĐỀ: “STORYTELLING - TELL IT YOUR WAY” - 25/03/2026]
tracking_recap,TRACKING _ SEASON 11.xlsx,Sheet20,116,recap_type=other/unknown,,,UEHEF11465,"[RECAP TRANING SESSION 06: ""STORY TELLING- TELL IT YOUR WAY""- 25/03/2026]"
tracking_event,TRACKING _ SEASON 11.xlsx,Sheet20,117,outside_phase2_event_scope,,,UEHEF11363,[RECAP TRAINING : STORYTELLING. TELL IT YOUR WAY]
tracking_event,TRACKING _ SEASON 11.xlsx,Sheet20,118,outside_phase2_event_scope,,,UEHEF11268,[RECAP TRAINING SESSION 6]
tracking_event,TRACKING _ SEASON 11.xlsx,Sheet20,119,outside_phase2_event_scope,,,UEHEM11076,Imported Facebook recap
tracking_recap,TRACKING _ SEASON 11.xlsx,Sheet20,120,missing_url,,,UEHEM11357,[RECAP BUỔI 4 - 15/03/2026]
tracking_recap,TRACKING _ SEASON 11.xlsx,Sheet20,121,missing_url,,,UEHEM11512,[RECAP MENTORING BUỔI 3 - 26/03/2026]
tracking_event,TRACKING _ SEASON 11.xlsx,Sheet20,122,outside_phase2_event_scope,,,UEHEF11279,Imported Facebook recap
tracking_recap,TRACKING _ SEASON 11.xlsx,Sheet20,123,missing_url,,,UEHEF11448,[RECAP BUỔI 4 - 23/3/2026]
tracking_event,TRACKING _ SEASON 11.xlsx,Sheet20,124,outside_phase2_event_scope,,,UEHEM11293,[RECAP TRAINING 6 CV STORYTELLING - 25/3/2026]
tracking_recap,TRACKING _ SEASON 11.xlsx,Sheet20,125,missing_url,,,UEHEF11486,[RECAP BUỔI 2 - 22/03/2026]
tracking_recap,TRACKING _ SEASON 11.xlsx,Sheet20,126,missing_url,,,UEHEF11498,[RECAP BUỔI 4 - 24/3/2026]
tracking_recap,TRACKING _ SEASON 11.xlsx,Sheet20,127,missing_url,,,UEHEF11141,[RECAP BUỔI 3 – 22/03/2026]
tracking_event,TRACKING _ SEASON 11.xlsx,Sheet20,128,outside_phase2_event_scope,,,UEHEM11576,[RECAP TRAINING 06: “STORYTELLING - TELL IT YOUR WAY” | 25/03/2026]
tracking_event,TRACKING _ SEASON 11.xlsx,Sheet20,129,outside_phase2_event_scope,,,UEHEM11562,[RECAP TRAINING 06: “STORYTELLING - TELL IT YOUR WAY” | 25/03/2026]
tracking_event,TRACKING _ SEASON 11.xlsx,Sheet20,130,outside_phase2_event_scope,,,UEHEF11043,[RECAP TRAINING 06: “STORYTELLING – TELL IT YOUR WAY” - 25/03/2026]
tracking_event,TRACKING _ SEASON 11.xlsx,Sheet20,131,outside_phase2_event_scope,,,UEHEM11594,[RECAP TRAINING 06: “STORYTELLING - TELL IT YOUR WAY” | 25/03/2026]
tracking_recap,TRACKING _ SEASON 11.xlsx,Sheet20,132,missing_url,,,UEHEM11594,[RECAP BUỔI 4 – 18/03/2026]
tracking_event,TRACKING _ SEASON 11.xlsx,Sheet20,133,outside_phase2_event_scope,,,UEHEF11424,[RECAP TRAINING 06: “STORYTELLING – TELL IT YOUR WAY” – 25/03/2026]
tracking_event,TRACKING _ SEASON 11.xlsx,Sheet20,134,outside_phase2_event_scope,,,UEHEF11113,"[RECAP TRAINING 06: ""STORYTELLING - TELL IT YOUR WAY"" - 25/03/2026]"
tracking_event,TRACKING _ SEASON 11.xlsx,Sheet20,135,outside_phase2_event_scope,,,UEHEF11303,[RECAP TRAINING 06 [STORYTELLING - TELL IT YOUR WAY - 25/03/2026]
tracking_recap,TRACKING _ SEASON 11.xlsx,Sheet20,136,recap_type=other/unknown,,,UEHEF11223,Imported Facebook recap
tracking_recap,TRACKING _ SEASON 11.xlsx,Sheet20,137,missing_url,,,UEHEF11148,Imported Facebook recap
tracking_event,TRACKING _ SEASON 11.xlsx,Sheet20,138,outside_phase2_event_scope,,,UEHEM11628,"[RECAP TRAINING 06: ""STORYTELLING - TELL IT YOUR WAY"" - 25/03/2026]"
tracking_recap,TRACKING _ SEASON 11.xlsx,Sheet20,139,recap_type=other/unknown,,,,Imported Facebook recap
tracking_recap,TRACKING _ SEASON 11.xlsx,Sheet20,140,missing_url,,,UEHEM11578,[RECAP BUỔI 5 – 19/03/2025]
tracking_recap,TRACKING _ SEASON 11.xlsx,Sheet20,141,missing_url; no_active_primary_match_for_mentee_code,,,UEHEM11611,[RECAP BUỔI 6 - 23/3/2026]
tracking_event,TRACKING _ SEASON 11.xlsx,Sheet20,142,outside_phase2_event_scope,,,UEHEM11581,"[RECAP TRAINING 06: ""STORYTELLING - TELL IT YOUR WAY"" - 25/03/2026]"
tracking_recap,TRACKING _ SEASON 11.xlsx,Sheet20,143,missing_url,,,UEHEM11597,[RECAP BUỔI 2 - 19/01/2026]
tracking_recap,TRACKING _ SEASON 11.xlsx,Sheet20,144,missing_url; cross_mentoring_needs_mentor_review,,,UEHEM11586,[RECAP BUỔI 5 - 22/03/2025]
tracking_recap,TRACKING _ SEASON 11.xlsx,Sheet20,145,missing_url,,,UEHEF11037,[RECAP BUỔI 5 - 24/03/2026]
tracking_event,TRACKING _ SEASON 11.xlsx,Sheet20,146,outside_phase2_event_scope,,,UEHEM11601,"[RECAP TRAINING 06: ""STORYTELLING - TELL IT YOUR WAY"" - 25/03/2026]"
tracking_recap,TRACKING _ SEASON 11.xlsx,Sheet20,147,missing_url,,,UEHEM11532,[RECAP BUỔI 5 - 24/03/2026]
tracking_recap,TRACKING _ SEASON 11.xlsx,Sheet20,148,missing_url,,,UEHEF11214,[RECAP BUỔI 3 - 22/03/2026]
tracking_recap,TRACKING _ SEASON 11.xlsx,Sheet20,149,missing_url; missing_meeting_date,,,UEHEF11142,[RECAP BUỔI 2]
tracking_recap,TRACKING _ SEASON 11.xlsx,Sheet20,150,missing_url; cross_mentoring_needs_mentor_review,,,UEHEF11054,[RECAP BUỔI 3 - 23/03/2026]
tracking_recap,TRACKING _ SEASON 11.xlsx,Sheet20,151,missing_url,,,UEHEM11507,[RECAP BUỔI 4 - 22/03/2025]
tracking_recap,TRACKING _ SEASON 11.xlsx,Sheet20,152,missing_url; cross_mentoring_needs_mentor_review,,,UEHEM11355,[RECAP BUỔI 6 - 22/03/2025]
tracking_recap,TRACKING _ SEASON 11.xlsx,Sheet20,153,missing_url,,,UEHEM11622,[RECAP BUỔI 5 - 24/03/2026]
tracking_recap,TRACKING _ SEASON 11.xlsx,Sheet20,154,missing_url,,,UEHEF11272,[RECAP BUỔI 5 - 24/03/2026]
tracking_recap,TRACKING _ SEASON 11.xlsx,Sheet20,155,missing_url,,,UEHEF11052,[RECAP BUỔI 5 - 15/3/2026]
tracking_recap,TRACKING _ SEASON 11.xlsx,Sheet20,156,missing_url,,,UEHEF11042,[RECAP MENTORING BUỔI 6 - 24/03/2026]
tracking_recap,TRACKING _ SEASON 11.xlsx,Sheet20,157,missing_url,,,UEHEF11370,[RECAP BUỔI 3 - 21/03/2026]
tracking_recap,TRACKING _ SEASON 11.xlsx,Sheet20,158,missing_url,,,UEHEF11447,[RECAP BUỔI 4 - 23/03/2026]
tracking_recap,TRACKING _ SEASON 11.xlsx,Sheet20,159,missing_url,,,UEHEM11581,[RECAP BUỔI 6 - 22/03/2026]
tracking_recap,TRACKING _ SEASON 11.xlsx,Sheet20,160,missing_url; missing_mentee_code; missing_meeting_date; no_active_primary_match_for_mentee_code; cross_mentoring_needs_mentor_review,,,,Imported Facebook recap
tracking_recap,TRACKING _ SEASON 11.xlsx,Sheet20,161,missing_url,,,UEHEM11041,[RECAP BUỔI 4 - 22/03/2026]
tracking_recap,TRACKING _ SEASON 11.xlsx,Sheet20,162,missing_url,,,UEHEF11321,[RECAP BUỔI 4 - 20/3/2026]
tracking_recap,TRACKING _ SEASON 11.xlsx,Sheet20,163,missing_url,,,UEHEF11216,[RECAP: BUỔI 4: 20/3/2026]
tracking_recap,TRACKING _ SEASON 11.xlsx,Sheet20,164,missing_url,,,UEHEM11574,[RECAP BUỔI 4 - 05/12/2025]
tracking_recap,TRACKING _ SEASON 11.xlsx,Sheet20,165,missing_url,,,UEHEM11049,[RECAP BUỔI 5 - 19/03/2026]
tracking_recap,TRACKING _ SEASON 11.xlsx,Sheet20,166,missing_url,,,UEHEM11628,[RECAP BUỔI 4 - 23/03/2026]
tracking_recap,TRACKING _ SEASON 11.xlsx,Sheet20,167,missing_url,,,UEHEF11034,[RECAP BUỔI 4 - 19/03/2026]
tracking_recap,TRACKING _ SEASON 11.xlsx,Sheet20,168,missing_url; cross_mentoring_needs_mentor_review,,,UEHEM11581,[RECAP BUỔI 5 - 21/03/2025]
tracking_recap,TRACKING _ SEASON 11.xlsx,Sheet20,169,missing_url,,,UEHEM11640,[RECAP BUỔI 2 - 23/3/2025]
tracking_recap,TRACKING _ SEASON 11.xlsx,Sheet20,170,missing_url; cross_mentoring_needs_mentor_review,,,UEHEM11625,[RECAP BUỔI 4 - 21/03/2025]
tracking_recap,TRACKING _ SEASON 11.xlsx,Sheet20,171,missing_url,,,UEHEF11091,[RECAP BUỔI 3 - 21/3/2026]
tracking_recap,TRACKING _ SEASON 11.xlsx,Sheet20,172,missing_url,,,UEHEM11554,[RECAP BUỔI 3 – 22/03/2026]
tracking_recap,TRACKING _ SEASON 11.xlsx,Sheet20,173,missing_url; missing_meeting_date,,,UEHEM11556,Imported Facebook recap
tracking_recap,TRACKING _ SEASON 11.xlsx,Sheet20,174,missing_url,,,UEHEF11490,[RECAP BUỔI 4 - 18/03/2026]
tracking_recap,TRACKING _ SEASON 11.xlsx,Sheet20,175,missing_url,,,UEHEF11305,[RECAP BUỔI 5 - 20/3/2025]
tracking_recap,TRACKING _ SEASON 11.xlsx,Sheet20,176,missing_url,,,UEHEF11031,[RECAP BUỔI 4 - 15/03/2026]
tracking_recap,TRACKING _ SEASON 11.xlsx,Sheet20,177,missing_url,,,UEHEF11206,[RECAP BUỔI 4 – 19/03/2026]
tracking_recap,TRACKING _ SEASON 11.xlsx,Sheet20,178,missing_url; missing_mentee_code; missing_meeting_date; no_active_primary_match_for_mentee_code,,,,Imported Facebook recap
tracking_recap,TRACKING _ SEASON 11.xlsx,Sheet20,179,missing_url,,,UEHEF11460,[RECAP BUỔI 3 – 14/03/2026]
tracking_recap,TRACKING _ SEASON 11.xlsx,Sheet20,180,missing_url,,,UEHEF11039,[RECAP BUỔI 4 – 20/3/2026]
tracking_recap,TRACKING _ SEASON 11.xlsx,Sheet20,181,missing_url,,,UEHEF11117,[RECAP Buổi 4 - 18/4/2026]
tracking_recap,TRACKING _ SEASON 11.xlsx,Sheet20,182,missing_url,,,UEHEM11152,[RECAP BUỔI 2 – 19/3/2025]
tracking_recap,TRACKING _ SEASON 11.xlsx,Sheet20,183,missing_url,,,UEHEF11425,[RECAP BUỔI 4 - 19/03/2026]
tracking_recap,TRACKING _ SEASON 11.xlsx,Sheet20,184,missing_url,,,UEHEF11379,[RECAP BUỔI 3 - 17/3/2025]
tracking_recap,TRACKING _ SEASON 11.xlsx,Sheet20,185,missing_url; missing_meeting_date,,,UEHEF11316,[Recap buổi 4 [18/03/26]
tracking_recap,TRACKING _ SEASON 11.xlsx,Sheet20,186,missing_url,,,UEHEM11260,[RECAP BUỔI 4 - 13/03/2026]
tracking_recap,TRACKING _ SEASON 11.xlsx,Sheet20,187,missing_url,,,UEHEF11477,[RECAP BUỔI 4 - 07/03/2026]
tracking_recap,TRACKING _ SEASON 11.xlsx,Sheet20,188,missing_url,,,UEHEF11297,[RECAP BUỔI 3 - NGÀY 17/3/2026]
tracking_recap,TRACKING _ SEASON 11.xlsx,Sheet20,189,missing_url,,,UEHEF11494,[RECAP BUỔI 4 - 18/3/2026]
tracking_recap,TRACKING _ SEASON 11.xlsx,Sheet20,190,recap_type=other/unknown,,,,Imported Facebook recap
tracking_recap,TRACKING _ SEASON 11.xlsx,Sheet20,191,missing_url,,,UEHEM11094,[RECAP BUỔI 5 - 15/3/2026]
tracking_recap,TRACKING _ SEASON 11.xlsx,Sheet20,192,missing_url,,,UEHEF11337,[RECAP BUỔI 4 - 12/03/2026]
tracking_recap,TRACKING _ SEASON 11.xlsx,Sheet20,193,missing_url,,,UEHEF11079,[RECAP BUỔI 4 - 19/03/2026]
tracking_recap,TRACKING _ SEASON 11.xlsx,Sheet20,194,missing_url,,,UEHEM11474,[RECAP BUỔI 3 - 07/02/2026]
tracking_recap,TRACKING _ SEASON 11.xlsx,Sheet20,195,missing_url,,,UEHEF11143,[RECAP BUỔI 3 – 18/03/2026]
tracking_recap,TRACKING _ SEASON 11.xlsx,Sheet20,196,missing_url; missing_mentee_code; no_active_primary_match_for_mentee_code,,,,[RECAP BUỔI MENTORING THỨ 4]
tracking_recap,TRACKING _ SEASON 11.xlsx,Sheet20,197,missing_url; missing_mentee_code; no_active_primary_match_for_mentee_code,,,,[RECAP BUỔI 4 - 05/3/2026]
tracking_recap,TRACKING _ SEASON 11.xlsx,Sheet20,198,missing_url,,,UEHEM11568,[RECAP BUỔI 4 - 16/01/2026]
tracking_recap,TRACKING _ SEASON 11.xlsx,Sheet20,199,missing_url; cross_mentoring_needs_mentor_review,,,UEHEM11536,[RECAP BUỔI 3 - 14/03/2026]
tracking_recap,TRACKING _ SEASON 11.xlsx,Sheet20,200,missing_url,,,UEHEF11476,[RECAP BUỔI 4 - 9/3/2025]
tracking_recap,TRACKING _ SEASON 11.xlsx,Sheet20,201,missing_url,,,UEHEF11290,Imported Facebook recap
tracking_recap,TRACKING _ SEASON 11.xlsx,Sheet20,202,missing_url; cross_mentoring_needs_mentor_review,,,UEHEM11625,[RECAP BUỔI 3 - 15/03/2025]
tracking_recap,TRACKING _ SEASON 11.xlsx,Sheet20,203,missing_url,,,UEHEF11251,[RECAP BUỔI 3 - 15/03/2026]
tracking_recap,TRACKING _ SEASON 11.xlsx,Sheet20,204,missing_url,,,UEHEF11368,[RECAP BUỔI 6 – 14/3/2026]
tracking_recap,TRACKING _ SEASON 11.xlsx,Sheet20,205,missing_url,,,UEHEF11139,[RECAP BUỔI 4 - 14/03/2026]
tracking_recap,TRACKING _ SEASON 11.xlsx,Sheet20,206,missing_url,,,UEHEF11279,[RECAP BUỔI 4 – 15/3/2026]
tracking_recap,TRACKING _ SEASON 11.xlsx,Sheet20,207,missing_url,,,UEHEM11607,[RECAP BUỔI 3 - 15/03/2026]
tracking_recap,TRACKING _ SEASON 11.xlsx,Sheet20,208,missing_url,,,UEHEM11356,[RECAP BUỔI 4 - 15/03/2026]
tracking_recap,TRACKING _ SEASON 11.xlsx,Sheet20,209,missing_url,,,UEHEF11421,[RECAP BUỔI 4 - 14/03/2026]
tracking_recap,TRACKING _ SEASON 11.xlsx,Sheet20,210,missing_url,,,UEHEM11581,[RECAP BUỔI 4 - 12/03/2025]
tracking_recap,TRACKING _ SEASON 11.xlsx,Sheet20,211,missing_url,,,UEHEF11271,[RECAP BUỔI 3 - 14/03/2026]
tracking_recap,TRACKING _ SEASON 11.xlsx,Sheet20,212,missing_url,,,UEHEF11303,[RECAP BUỔI 4 - 14/3/2026]
tracking_recap,TRACKING _ SEASON 11.xlsx,Sheet20,213,missing_url,,,UEHEM11418,[RECAP BUỔI 4 - 13/3/2026]
tracking_recap,TRACKING _ SEASON 11.xlsx,Sheet20,214,missing_url,,,UEHEF11282,[RECAP BUỔI 2 - 06/03/2026]
tracking_recap,TRACKING _ SEASON 11.xlsx,Sheet20,215,missing_url,,,UEHEF11395,[RECAP BUỔI 9 - 10/3/2026]
tracking_recap,TRACKING _ SEASON 11.xlsx,Sheet20,216,recap_type=other/unknown,,,,Imported Facebook recap
tracking_recap,TRACKING _ SEASON 11.xlsx,Sheet20,217,missing_url,,,UEHEF11060,[RECAP BUỔI 5 - 12/3/2026]
tracking_recap,TRACKING _ SEASON 11.xlsx,Sheet20,218,missing_url,,,UEHEF11268,[RECAP BUỔI 2 - 6/3/2026]
tracking_recap,TRACKING _ SEASON 11.xlsx,Sheet20,219,missing_url,,,UEHEF11058,[RECAP BUỔI 4 - 13/03/2026]
tracking_recap,TRACKING _ SEASON 11.xlsx,Sheet20,220,missing_url,,,UEHEF11330,[RECAP BUỔI 3 – 13/03/2026]
tracking_recap,TRACKING _ SEASON 11.xlsx,Sheet20,221,missing_url,,,UEHEF11304,[RECAP BUỔI 2 - 08/03/2026]
tracking_recap,TRACKING _ SEASON 11.xlsx,Sheet20,222,missing_url,,,UEHEM11293,[RECAP BUỔI 3 – 12/02/2026]
tracking_recap,TRACKING _ SEASON 11.xlsx,Sheet20,223,missing_url,,,UEHEF11348,[Recap Buổi 4 - 11/3/2026]
tracking_recap,TRACKING _ SEASON 11.xlsx,Sheet20,224,missing_url,,,UEHEM11165,[RECAP BUỔI 4 - 13/03/2026]
tracking_recap,TRACKING _ SEASON 11.xlsx,Sheet20,225,missing_url,,,UEHEF11174,[RECAP BUỔI 4 - 11/3/2026]
tracking_recap,TRACKING _ SEASON 11.xlsx,Sheet20,226,missing_url,,,UEHEM11120,Imported Facebook recap
tracking_recap,TRACKING _ SEASON 11.xlsx,Sheet20,227,missing_url,,,UEHEM11121,[RECAP BUỔI 4 ngày 9/03/2026]
tracking_recap,TRACKING _ SEASON 11.xlsx,Sheet20,228,missing_url; missing_meeting_date,,,UEHEM11122,[RECAP BUỔI 4 - 08/032026]
tracking_recap,TRACKING _ SEASON 11.xlsx,Sheet20,229,missing_url; missing_meeting_date; cross_mentoring_needs_mentor_review,,,UEHEM11527,[RECAP BUỔI 3 - 08/032026]
tracking_recap,TRACKING _ SEASON 11.xlsx,Sheet20,230,missing_url,,,UEHEF11346,[RECAP BUỔI 4- 11/03/2026]
tracking_recap,TRACKING _ SEASON 11.xlsx,Sheet20,231,missing_url,,,UEHEF11241,[RECAP BUỔI 4 - 10/03/2026]
tracking_event,TRACKING _ SEASON 11.xlsx,Sheet20,232,outside_phase2_event_scope,,,UEHEF11190,[RECAP BUỔI 4 - 08/03/2026]
tracking_recap,TRACKING _ SEASON 11.xlsx,Sheet20,233,recap_type=other/unknown,,,,Imported Facebook recap
tracking_event,TRACKING _ SEASON 11.xlsx,Sheet20,234,outside_phase2_event_scope,,,UEHEM11289,"[RECAPTRAINING 05: ""COMMUNICATION SKILLS, CRITICAL THINKING & PUBLIC SPEAKING - 08/03/2026]"
tracking_event,TRACKING _ SEASON 11.xlsx,Sheet20,235,outside_phase2_event_scope,,,UEHEM11524,"[RECAP TRAINING 05: COMMUNICATION SKILLS, CRITICAL THINKING & PUBLIC SPEAKING]"
tracking_recap,TRACKING _ SEASON 11.xlsx,Sheet20,236,missing_url,,,UEHEM11289,[RECAP BUỔI 6_Ngày 10/03/2026]
tracking_event,TRACKING _ SEASON 11.xlsx,Sheet20,237,outside_phase2_event_scope,,,UEHEM11094,"[RECAP TRAINING 05 [COMMUNICATION SKILLS, CRITICAL THINKING & PUBLIC SPEAKING - 08/03/2026]"
tracking_event,TRACKING _ SEASON 11.xlsx,Sheet20,238,outside_phase2_event_scope,,,,"[RECAP TRAINING 05 [COMMUNICATION SKILLS, CRITICAL THINKING & PUBLIC SPEAKING - 08/03/2026]"
tracking_event,TRACKING _ SEASON 11.xlsx,Sheet20,239,outside_phase2_event_scope,,,UEHEM11548,"[RECAP TRAINING 05 [COMMUNICATION SKILLS, CRITICAL THINKING & PUBLIC SPEAKING - 08/03/2026]"
tracking_event,TRACKING _ SEASON 11.xlsx,Sheet20,240,outside_phase2_event_scope,,,UEHEF11303,"[RECAP TRAINING 05 [COMMUNICATION SKILLS, CRITICAL THINKING & PUBLIC SPEAKING - 08/03/2026]"
tracking_recap,TRACKING _ SEASON 11.xlsx,Sheet20,241,missing_url; missing_meeting_date,,,UEHEM11556,Imported Facebook recap
tracking_event,TRACKING _ SEASON 11.xlsx,Sheet20,242,outside_phase2_event_scope,,,UEHEF11399,"[RECAP TRAINING 05: ""COMMUNICATION SKILLS, CRITICAL THINKING & PUBLIC SPEAKING - 08/03/2026]"
tracking_event,TRACKING _ SEASON 11.xlsx,Sheet20,243,outside_phase2_event_scope,,,UEHEM11576,"[RECAPTRAINING 05: ""COMMUNICATION SKILLS, CRITICAL THINKING & PUBLIC SPEAKING - 08/03/2026]"
tracking_recap,TRACKING _ SEASON 11.xlsx,Sheet20,244,missing_url,,,UEHEF11239,[RECAP BUỔI 3 - 08/03/2026]
tracking_recap,TRACKING _ SEASON 11.xlsx,Sheet20,245,missing_url; missing_mentee_code; no_active_primary_match_for_mentee_code,,,,[RECAP BUỔI 3 - 20/1/2026]
tracking_recap,TRACKING _ SEASON 11.xlsx,Sheet20,246,missing_url,,,UEHEF11066,[RECAP Buổi 4 - 06/03/2026]
tracking_recap,TRACKING _ SEASON 11.xlsx,Sheet20,247,missing_url; missing_meeting_date,,,UEHEM11604,[RECAP BUỔI 3 - Thoát khỏi FOMO bằng cách xác định giá trị mình theo đuổi]
tracking_recap,TRACKING _ SEASON 11.xlsx,Sheet20,248,missing_url,,,UEHEF11012,[RECAP BUỔI 2 – 08/03/2026]
tracking_recap,TRACKING _ SEASON 11.xlsx,Sheet20,249,missing_url,,,UEHEM11638,[RECAP BUỔI 4 - 07/03/2026]
tracking_recap,TRACKING _ SEASON 11.xlsx,Sheet20,250,missing_url,,,UEHEM11603,[RECAP BUỔI 02 - 30/01/2026]
tracking_recap,TRACKING _ SEASON 11.xlsx,Sheet20,251,missing_url,,,UEHEM11564,[RECAP MENTOR BUỔI 4 - 28/2/2026]
tracking_recap,TRACKING _ SEASON 11.xlsx,Sheet20,252,missing_url,,,UEHEF11011,[RECAP BUỔI 4 - 6/3/2026]
tracking_recap,TRACKING _ SEASON 11.xlsx,Sheet20,253,missing_url,,,UEHEF11464,[RECAP BUỔI 3 - 05/03/2026]
tracking_recap,TRACKING _ SEASON 11.xlsx,Sheet20,255,missing_url,,,UEHEM11210,[RECAP BUỔI 3 - 7/3/2026]
tracking_recap,TRACKING _ SEASON 11.xlsx,Sheet20,256,missing_url,,,UEHEF11138,[RECAP BUỔI 4- 07/03/2026]
tracking_recap,TRACKING _ SEASON 11.xlsx,Sheet20,257,missing_url,,,UEHEM11349,[RECAP4]
tracking_recap,TRACKING _ SEASON 11.xlsx,Sheet20,258,missing_url; no_active_primary_match_for_mentee_code,,,UEHEF11126,[RECAP MENTORING BUỔI 2 - 28/02/2026]
tracking_recap,TRACKING _ SEASON 11.xlsx,Sheet20,259,missing_url,,,UEHEM11590,[RECAP BUỔI 3 - 7/3/2026]
tracking_recap,TRACKING _ SEASON 11.xlsx,Sheet20,260,missing_url,,,UEHEF11394,[RECAP MENTORING BUỔI 2 - 05/03/2026]
tracking_recap,TRACKING _ SEASON 11.xlsx,Sheet20,261,missing_url,,,UEHEM11588,[RECAP BUỔI 4 - 4/3/2026]
tracking_recap,TRACKING _ SEASON 11.xlsx,Sheet20,262,missing_url,,,UEHEF11464,[RECAP BUỔI 3 - 05/03/2026]
tracking_recap,TRACKING _ SEASON 11.xlsx,Sheet20,263,missing_url; no_active_primary_match_for_mentee_code,,,UEHEF11458,[RECAP MENTORING BUỔI 3 – 5/3/2026]
tracking_recap,TRACKING _ SEASON 11.xlsx,Sheet20,264,missing_url,,,UEHEF11190,[RECAP BUỔI 3 - 12/02/2026]
tracking_recap,TRACKING _ SEASON 11.xlsx,Sheet20,265,missing_url,,,UEHEF11298,[RECAP BUỔI 2 - 4/3/2026]
tracking_recap,TRACKING _ SEASON 11.xlsx,Sheet20,266,missing_url,,,UEHEF11037,[RECAP BUỔI 4 - 28/02/2026]
tracking_recap,TRACKING _ SEASON 11.xlsx,Sheet20,267,missing_url,,,UEHEF11115,[RECAP BUỔI 3 – 03/03/2026]
tracking_recap,TRACKING _ SEASON 11.xlsx,Sheet20,268,missing_url; no_active_primary_match_for_mentee_code,,,UEHEM1199,[RECAP BUỔI 4 – 03/03/2026]
tracking_recap,TRACKING _ SEASON 11.xlsx,Sheet20,269,missing_url,,,UEHEM11609,[RECAP BUỔI 4 - 25/02/2026]
tracking_recap,TRACKING _ SEASON 11.xlsx,Sheet20,270,missing_url,,,UEHEF11018,[RECAP BUỔI 4 - 28/02/2026]
tracking_recap,TRACKING _ SEASON 11.xlsx,Sheet20,271,recap_type=other/unknown,,,,Imported Facebook recap
tracking_recap,TRACKING _ SEASON 11.xlsx,Sheet20,272,missing_url,,,UEHEF11286,[RECAP BUỔI 4 - 31/1/2026]
tracking_recap,TRACKING _ SEASON 11.xlsx,Sheet20,273,missing_url,,,UEHEF11375,[RECAP MENTORING BUỔI 4 - 27/02/2026]
tracking_recap,TRACKING _ SEASON 11.xlsx,Sheet20,274,missing_url; no_active_primary_match_for_mentee_code,,,UEHEF11911,[RECAP BUỔI 3 - 19/02/2026]
tracking_recap,TRACKING _ SEASON 11.xlsx,Sheet20,275,missing_url,,,UEHEM11084,[RECAP BUỔI 4 - 27/02/2026]
tracking_recap,TRACKING _ SEASON 11.xlsx,Sheet20,276,missing_url,,,UEHEF11477,[RECAP BUỔI 03 - 24/01/2026]
tracking_recap,TRACKING _ SEASON 11.xlsx,Sheet20,277,missing_url,,,UEHEF11105,[RECAP BUỔI 02 - 13/01/2026]
tracking_recap,TRACKING _ SEASON 11.xlsx,Sheet20,278,missing_url,,,UEHEF11179,Imported Facebook recap
tracking_recap,TRACKING _ SEASON 11.xlsx,Sheet20,279,missing_url,,,UEHEF11382,[RECAP BUỔI 3 - 12/02/2026]
tracking_recap,TRACKING _ SEASON 11.xlsx,Sheet20,280,missing_url,,,UEHEM11636,[RECAP BUỔI 4 - 28/02/2026]
tracking_recap,TRACKING _ SEASON 11.xlsx,Sheet20,281,missing_url,,,UEHEM11483,[RECAP BUỔI 3 - 24/02/2026]
tracking_recap,TRACKING _ SEASON 11.xlsx,Sheet20,282,missing_url,,,UEHEF11487,[RECAP BUỔI 3 - 28/02/2026]
tracking_recap,TRACKING _ SEASON 11.xlsx,Sheet20,283,missing_url; no_active_primary_match_for_mentee_code,,,UEHEM11611,[RECAP BUỔI 5 - 27/2/2026]
tracking_recap,TRACKING _ SEASON 11.xlsx,Sheet20,284,missing_url,,,UEHEF11340,[RECAP BUỔI 3 - 27/02/2026]
tracking_recap,TRACKING _ SEASON 11.xlsx,Sheet20,285,missing_url,,,UEHEF11133,Imported Facebook recap
tracking_recap,TRACKING _ SEASON 11.xlsx,Sheet20,286,missing_url,,,UEHEM11530,[RECAP BUỔI 3 - 27/02/2026]
